Datetime,Open,High,Low,Close,Volume,Dividends,Stock Splits,SMA_24,Signal
2026-04-15 18:00:00+00:00,74140.640625,74428.2890625,74086.046875,74414.40625,0,0.0,0.0,,0
2026-04-15 19:00:00+00:00,74414.40625,75303.75,74395.0078125,75065.578125,160878592,0.0,0.0,,0
2026-04-15 20:00:00+00:00,75053.0,75060.7578125,74545.0,74872.140625,200192000,0.0,0.0,,0
2026-04-15 21:00:00+00:00,74851.2734375,74888.8671875,74572.078125,74765.3671875,0,0.0,0.0,,0
2026-04-15 22:00:00+00:00,74772.2890625,75412.0,74763.8984375,74983.78125,0,0.0,0.0,,0
2026-04-15 23:00:00+00:00,74980.9765625,74980.9765625,74639.78125,74836.359375,0,0.0,0.0,,0
2026-04-16 00:00:00+00:00,74845.609375,74899.1484375,74508.46875,74820.2421875,0,0.0,0.0,,0
2026-04-16 01:00:00+00:00,74835.3203125,74835.3203125,74488.109375,74681.8671875,0,0.0,0.0,,0
2026-04-16 02:00:00+00:00,74681.4609375,75288.3515625,74614.3828125,74902.71875,382001152,0.0,0.0,,0
2026-04-16 03:00:00+00:00,74887.921875,75177.0,74879.1484375,74904.25,2016497664,0.0,0.0,,0
2026-04-16 04:00:00+00:00,74902.2578125,75186.453125,74749.5625,74964.6484375,0,0.0,0.0,,0
2026-04-16 05:00:00+00:00,74949.96875,75158.6328125,74914.5625,75058.0234375,217673728,0.0,0.0,,0
2026-04-16 06:00:00+00:00,75076.8515625,75130.4375,74877.2421875,75048.65625,98119680,0.0,0.0,,0
2026-04-16 07:00:00+00:00,75028.921875,75100.0,74662.34375,74721.5390625,0,0.0,0.0,,0
2026-04-16 08:00:00+00:00,74721.546875,74764.78125,74535.4296875,74697.7109375,804335616,0.0,0.0,,0
2026-04-16 09:00:00+00:00,74679.25,74927.828125,74611.796875,74612.671875,0,0.0,0.0,,0
2026-04-16 10:00:00+00:00,74611.8828125,74670.828125,74288.5,74323.9921875,0,0.0,0.0,,0
2026-04-16 11:00:00+00:00,74327.9921875,74601.65625,74300.0078125,74593.328125,396546048,0.0,0.0,,0
2026-04-16 12:00:00+00:00,74593.328125,74868.453125,74593.328125,74637.640625,0,0.0,0.0,,0
2026-04-16 13:00:00+00:00,74628.7890625,75026.2734375,73328.0,73792.1796875,937250816,0.0,0.0,,0
2026-04-16 14:00:00+00:00,73782.1875,74198.5078125,73425.8515625,73973.203125,372477952,0.0,0.0,,0
2026-04-16 15:00:00+00:00,73969.7421875,74884.0078125,73941.9921875,74719.9921875,1685315584,0.0,0.0,,0
2026-04-16 16:00:00+00:00,74746.0234375,74956.4296875,74079.96875,74186.03125,538931200,0.0,0.0,,0
2026-04-16 17:00:00+00:00,74167.890625,74459.40625,73917.140625,74346.0,130420736,0.0,0.0,74663.43033854167,0
2026-04-16 18:00:00+00:00,74354.03125,75092.3125,74250.09375,75054.4375,0,0.0,0.0,74690.09830729167,1
2026-04-16 19:00:00+00:00,75102.0,75429.609375,74770.8203125,75371.9765625,964886528,0.0,0.0,74702.86490885417,1
2026-04-16 20:00:00+00:00,75384.9375,75539.90625,75020.96875,75245.9921875,128495616,0.0,0.0,74718.44205729167,1
2026-04-16 21:00:00+00:00,75252.2109375,75300.0,74827.8125,74956.9765625,121356288,0.0,0.0,74726.42578125,1
2026-04-16 22:00:00+00:00,74966.2578125,75139.453125,74853.75,74888.609375,0,0.0,0.0,74722.46028645833,1
2026-04-16 23:00:00+00:00,74866.40625,75198.4609375,74847.96875,75163.09375,0,0.0,0.0,74736.07421875,1
2026-04-17 00:00:00+00:00,75156.7421875,75179.8515625,74905.90625,74955.9921875,0,0.0,0.0,74741.73046875,1
2026-04-17 01:00:00+00:00,74960.6171875,75061.3515625,74594.4765625,74763.890625,51539968,0.0,0.0,74745.14811197917,1
2026-04-17 02:00:00+00:00,74759.859375,74830.8984375,74562.671875,74728.546875,0,0.0,0.0,74737.89095052083,0
2026-04-17 03:00:00+00:00,74729.953125,74860.109375,74623.71875,74633.1484375,0,0.0,0.0,74726.59505208333,0
2026-04-17 04:00:00+00:00,74641.109375,74867.9375,74603.9921875,74810.0078125,0,0.0,0.0,74720.15169270833,1
2026-04-17 05:00:00+00:00,74810.0,74823.109375,74575.0,74656.5625,0,0.0,0.0,74703.42415364583,0
2026-04-17 06:00:00+00:00,74645.0234375,74964.25,74614.46875,74964.25,0,0.0,0.0,74699.9072265625,1
2026-04-17 07:00:00+00:00,74960.9609375,75122.609375,74954.7421875,75085.9921875,61296640,0.0,0.0,74715.0927734375,1
2026-04-17 08:00:00+00:00,75095.40625,75890.671875,75015.359375,75787.4921875,619696128,0.0,0.0,74760.50032552083,1
2026-04-17 09:00:00+00:00,75803.578125,76386.671875,75550.1015625,75811.4375,2566205440,0.0,0.0,74810.44889322917,1
2026-04-17 10:00:00+00:00,75811.453125,75909.7890625,75124.2265625,75303.2421875,1024786432,0.0,0.0,74851.2509765625,1
2026-04-17 11:00:00+00:00,75292.5078125,75631.84375,75273.75,75622.578125,0,0.0,0.0,74894.13639322917,1
2026-04-17 12:00:00+00:00,75661.359375,76297.9609375,75567.9921875,76296.0234375,779100160,0.0,0.0,74963.23567708333,1
2026-04-17 13:00:00+00:00,76270.21875,77456.0625,76101.84375,77385.9921875,5033406464,0.0,0.0,75112.97786458333,1
2026-04-17 14:00:00+00:00,77434.4609375,78146.25,77065.0703125,77979.0,3173928960,0.0,0.0,75279.88606770833,1
2026-04-17 15:00:00+00:00,77977.5078125,78060.09375,77497.0,77838.4375,1281085440,0.0,0.0,75409.8212890625,1
2026-04-17 16:00:00+00:00,77844.0390625,78344.3671875,77778.7578125,77907.28125,778620928,0.0,0.0,75564.87337239583,1
2026-04-17 17:00:00+00:00,77898.7578125,77974.0625,77156.0,77568.0078125,973885440,0.0,0.0,75699.12369791667,1
2026-04-17 18:00:00+00:00,77557.5,77613.7421875,77124.0,77199.953125,126701568,0.0,0.0,75788.52018229167,1
2026-04-17 19:00:00+00:00,77223.7421875,77518.8515625,77061.59375,77515.21875,0,0.0,0.0,75877.82194010417,1
2026-04-17 20:00:00+00:00,77481.9921875,77650.40625,77188.671875,77380.0,0,0.0,0.0,75966.73893229167,1
2026-04-17 21:00:00+00:00,77373.2578125,77531.2421875,77310.0,77475.0,0,0.0,0.0,76071.65657552083,1
2026-04-17 22:00:00+00:00,77448.7421875,77551.5234375,77302.5,77339.9375,221704192,0.0,0.0,76173.79524739583,1
2026-04-17 23:00:00+00:00,77328.0234375,77337.8515625,76935.0234375,77098.0078125,370642944,0.0,0.0,76254.41666666667,1
2026-04-18 00:00:00+00:00,77090.53125,77287.4609375,77010.0,77195.9921875,0,0.0,0.0,76347.75,1
2026-04-18 01:00:00+00:00,77216.2421875,77364.7421875,77148.7578125,77250.6015625,0,0.0,0.0,76451.36295572917,1
2026-04-18 02:00:00+00:00,77251.9765625,77447.4296875,77154.296875,77321.25,0,0.0,0.0,76559.39225260417,1
2026-04-18 03:00:00+00:00,77325.609375,77328.75,77002.0625,77034.828125,0,0.0,0.0,76659.46223958333,1
2026-04-18 04:00:00+00:00,77045.9609375,77197.5,76934.9921875,77148.75,402907136,0.0,0.0,76756.90983072917,1
2026-04-18 05:00:00+00:00,77144.0234375,77287.5,77144.0234375,77168.296875,52015104,0.0,0.0,76861.5654296875,1
2026-04-18 06:00:00+00:00,77164.4609375,77253.1875,77091.0,77160.0,0,0.0,0.0,76953.05501302083,1
2026-04-18 07:00:00+00:00,77140.0,77162.0234375,76923.078125,77020.0078125,0,0.0,0.0,77033.63899739583,0
2026-04-18 08:00:00+00:00,77020.0234375,77070.390625,76534.0234375,76760.0234375,0,0.0,0.0,77074.1611328125,0
2026-04-18 09:00:00+00:00,76732.5,76743.7421875,76447.5078125,76631.2578125,0,0.0,0.0,77108.3203125,0
2026-04-18 10:00:00+00:00,76627.5,76627.5,76170.7265625,76222.4921875,0,0.0,0.0,77146.62239583333,0
2026-04-18 11:00:00+00:00,76222.5,76222.5,75797.9921875,76069.4609375,0,0.0,0.0,77165.24251302083,0
2026-04-18 12:00:00+00:00,76084.9765625,76317.6171875,76070.9921875,76239.7578125,0,0.0,0.0,77162.89811197917,0
2026-04-18 13:00:00+00:00,76230.828125,76248.7421875,75824.0703125,76148.640625,0,0.0,0.0,77111.341796875,0
2026-04-18 14:00:00+00:00,76169.46875,76314.09375,76018.2578125,76280.609375,0,0.0,0.0,77040.57552083333,0
2026-04-18 15:00:00+00:00,76267.5,76387.4921875,76060.03125,76191.71875,0,0.0,0.0,76971.96223958333,0
2026-04-18 16:00:00+00:00,76191.7109375,76249.9765625,75752.6328125,75968.1171875,0,0.0,0.0,76891.16373697917,0
2026-04-18 17:00:00+00:00,75955.4765625,75988.96875,75822.0,75852.1328125,0,0.0,0.0,76819.6689453125,0
2026-04-18 18:00:00+00:00,75852.0,75872.703125,75498.0078125,75672.453125,0,0.0,0.0,76756.02311197917,0
2026-04-18 19:00:00+00:00,75654.0078125,75834.453125,75606.21875,75682.1328125,0,0.0,0.0,76679.64453125,0
2026-04-18 20:00:00+00:00,75678.8984375,75875.828125,75633.6328125,75784.953125,0,0.0,0.0,76613.18424479167,0
2026-04-18 21:00:00+00:00,75779.03125,75875.828125,75632.6796875,75854.5703125,0,0.0,0.0,76545.66634114583,0
2026-04-18 22:00:00+00:00,75856.1875,75904.8984375,75643.3828125,75847.9765625,0,0.0,0.0,76483.50130208333,0
2026-04-18 23:00:00+00:00,75862.2890625,75901.703125,75730.59375,75736.8203125,0,0.0,0.0,76426.78515625,0
2026-04-19 00:00:00+00:00,75736.0,75884.0078125,75590.1796875,75708.0,0,0.0,0.0,76364.78548177083,0
2026-04-19 01:00:00+00:00,75723.5,75827.2890625,75484.078125,75652.1015625,129032192,0.0,0.0,76298.18131510417,0
2026-04-19 02:00:00+00:00,75639.3828125,75730.09375,75446.4375,75530.3203125,53024768,0.0,0.0,76223.55924479167,0
2026-04-19 03:00:00+00:00,75523.8671875,75668.0,75391.4296875,75546.4921875,71456768,0.0,0.0,76161.54524739583,0
2026-04-19 04:00:00+00:00,75551.9921875,75806.7421875,75462.4609375,75700.0078125,0,0.0,0.0,76101.18098958333,0
2026-04-19 05:00:00+00:00,75700.0078125,75726.0625,75549.6875,75580.0078125,0,0.0,0.0,76035.00227864583,0
2026-04-19 06:00:00+00:00,75572.3125,75584.7890625,75336.96875,75429.7421875,337053696,0.0,0.0,75962.908203125,0
2026-04-19 07:00:00+00:00,75426.953125,75434.921875,74942.0,75291.1171875,855674880,0.0,0.0,75890.87109375,0
2026-04-19 08:00:00+00:00,75281.328125,75336.5234375,75107.203125,75299.078125,0,0.0,0.0,75829.99837239583,0
2026-04-19 09:00:00+00:00,75293.171875,75308.890625,74961.828125,75055.421875,0,0.0,0.0,75764.33854166667,0
2026-04-19 10:00:00+00:00,75026.0,75272.609375,74971.5390625,75246.078125,0,0.0,0.0,75723.65462239583,0
2026-04-19 11:00:00+00:00,75249.0,75653.0703125,75242.0234375,75634.8671875,0,0.0,0.0,75705.54654947917,0
2026-04-19 12:00:00+00:00,75646.59375,75730.4921875,75488.328125,75611.90625,0,0.0,0.0,75679.38606770833,0
2026-04-19 13:00:00+00:00,75588.3515625,76260.296875,75588.3515625,75958.0,536588288,0.0,0.0,75671.44270833333,1
2026-04-19 14:00:00+00:00,75950.2265625,76167.0,75714.7109375,76064.9609375,266915840,0.0,0.0,75662.45735677083,1
2026-04-19 15:00:00+00:00,76071.6328125,76189.0,75458.109375,75884.7734375,1075015680,0.0,0.0,75649.66796875,1
2026-04-19 16:00:00+00:00,75885.6171875,75895.296875,75360.1015625,75416.0234375,0,0.0,0.0,75626.6640625,0
2026-04-19 17:00:00+00:00,75381.75,75414.03125,74693.8828125,74801.0078125,425570304,0.0,0.0,75582.8671875,0
2026-04-19 18:00:00+00:00,74821.5390625,74915.046875,74645.8125,74806.7109375,642525184,0.0,0.0,75546.79459635417,0
2026-04-19 19:00:00+00:00,74846.28125,75100.7265625,74846.28125,74985.0390625,272711680,0.0,0.0,75517.7490234375,0
2026-04-19 20:00:00+00:00,74985.046875,74985.046875,74476.359375,74661.453125,0,0.0,0.0,75470.9365234375,0
2026-04-19 21:00:00+00:00,74662.546875,74842.15625,74408.65625,74461.203125,505593856,0.0,0.0,75412.87955729167,0
2026-04-19 22:00:00+00:00,74427.9765625,74440.8984375,73799.046875,74073.59375,2095738880,0.0,0.0,75338.94694010417,0
2026-04-19 23:00:00+00:00,74060.8828125,74080.046875,73820.1875,73820.1875,628639744,0.0,0.0,75259.08723958333,0
2026-04-20 00:00:00+00:00,73814.6875,74387.828125,73768.0,74317.921875,972533760,0.0,0.0,75201.16731770833,0
2026-04-20 01:00:00+00:00,74296.8125,74770.8828125,74239.8125,74621.421875,524847104,0.0,0.0,75158.22233072917,0
2026-04-20 02:00:00+00:00,74648.0625,74648.5390625,74338.453125,74444.046875,387602432,0.0,0.0,75112.9609375,0
2026-04-20 03:00:00+00:00,74440.296875,74674.0078125,74390.1328125,74667.90625,237033472,0.0,0.0,75076.35319010417,0
2026-04-20 04:00:00+00:00,74667.90625,74669.1875,74469.0390625,74590.390625,0,0.0,0.0,75030.119140625,0
2026-04-20 05:00:00+00:00,74584.359375,74590.3984375,74136.9375,74297.921875,346931200,0.0,0.0,74976.69889322917,0
2026-04-20 06:00:00+00:00,74317.9375,74916.9921875,74283.5390625,74820.1796875,234817536,0.0,0.0,74951.30045572917,0
2026-04-20 07:00:00+00:00,74842.03125,75588.8828125,74693.4375,74857.640625,489672704,0.0,0.0,74933.23893229167,0
2026-04-20 08:00:00+00:00,74861.0,75026.953125,74649.6796875,74761.7578125,597123072,0.0,0.0,74910.8505859375,0
2026-04-20 09:00:00+00:00,74737.9765625,75269.640625,74726.109375,75100.453125,463020032,0.0,0.0,74912.72688802083,1
2026-04-20 10:00:00+00:00,75130.3828125,75439.8515625,75042.1796875,75068.6796875,41537536,0.0,0.0,74905.33528645833,1
2026-04-20 11:00:00+00:00,75068.7265625,75319.1796875,74997.6484375,75223.96875,0,0.0,0.0,74888.21451822917,1
2026-04-20 12:00:00+00:00,75218.03125,75672.8125,75108.0,75328.90625,466120704,0.0,0.0,74876.4228515625,1
2026-04-20 13:00:00+00:00,75331.546875,75470.8203125,74912.3671875,75309.2890625,71524352,0.0,0.0,74849.39322916667,1
2026-04-20 14:00:00+00:00,75299.2734375,75762.15625,74958.859375,75038.6875,1182838784,0.0,0.0,74806.6318359375,1
2026-04-20 15:00:00+00:00,75095.1171875,75763.09375,74733.75,75747.078125,651075584,0.0,0.0,74800.89453125,1
2026-04-20 16:00:00+00:00,75743.78125,75743.78125,75328.0,75367.1328125,407003136,0.0,0.0,74798.857421875,1
2026-04-20 17:00:00+00:00,75383.46875,75998.1484375,75327.0078125,75937.3125,0,0.0,0.0,74846.20345052083,1
2026-04-20 18:00:00+00:00,75973.0390625,76484.3515625,75944.15625,76450.0,623157248,0.0,0.0,74914.673828125,1
2026-04-20 19:00:00+00:00,76483.3828125,76523.3203125,76187.53125,76322.0078125,1873649664,0.0,0.0,74970.380859375,1
2026-04-20 20:00:00+00:00,76304.0,76591.65625,76166.0078125,76317.28125,1115488256,0.0,0.0,75039.37369791667,1
2026-04-20 21:00:00+00:00,76330.0,76405.7265625,75815.9921875,75988.0,287932416,0.0,0.0,75102.990234375,1
2026-04-20 22:00:00+00:00,76001.9765625,76179.4375,75933.0234375,76004.671875,0,0.0,0.0,75183.45182291667,1
2026-04-20 23:00:00+00:00,75900.0,75943.0234375,75653.7109375,75864.859375,0,0.0,0.0,75268.646484375,1
2026-04-21 00:00:00+00:00,75869.5,76128.6796875,75724.84375,76127.09375,0,0.0,0.0,75344.02864583333,1
2026-04-21 01:00:00+00:00,76095.8203125,76278.0078125,75902.890625,75955.0703125,0,0.0,0.0,75399.59733072917,1
2026-04-21 02:00:00+00:00,75943.71875,75965.09375,75612.0,75613.75,0,0.0,0.0,75448.3349609375,1
2026-04-21 03:00:00+00:00,75608.7421875,75747.390625,75520.0,75740.578125,0,0.0,0.0,75493.02962239583,1
2026-04-21 04:00:00+00:00,75754.4765625,75850.71875,75633.28125,75840.546875,0,0.0,0.0,75545.11946614583,1
2026-04-21 05:00:00+00:00,75840.0,76010.640625,75817.5703125,75835.7734375,0,0.0,0.0,75609.19661458333,1
2026-04-21 06:00:00+00:00,75835.7734375,76152.671875,75731.171875,76001.828125,0,0.0,0.0,75658.43196614583,1
2026-04-21 07:00:00+00:00,76001.828125,76321.0,75873.203125,76118.09375,52444172288,0.0,0.0,75710.95084635417,1
2026-04-21 08:00:00+00:00,76124.1328125,76867.6875,76094.0,76545.6484375,467214336,0.0,0.0,75785.27962239583,1
2026-04-21 09:00:00+00:00,76545.6015625,76578.03125,76187.1484375,76388.0234375,0,0.0,0.0,75838.92838541667,1
2026-04-21 10:00:00+00:00,76391.359375,76902.2109375,76388.0078125,76775.1328125,326430720,0.0,0.0,75910.03059895833,1
2026-04-21 11:00:00+00:00,76789.34375,76789.34375,76370.578125,76478.6171875,612114432,0.0,0.0,75962.3076171875,1
2026-04-21 12:00:00+00:00,76485.3125,76549.9921875,75770.0,76039.8984375,274640896,0.0,0.0,75991.93229166667,1
2026-04-21 13:00:00+00:00,76049.828125,76194.6171875,75761.78125,75919.1328125,29853859840,0.0,0.0,76017.34244791667,0
2026-04-21 14:00:00+00:00,75942.8984375,76588.8671875,75650.8828125,75681.7109375,0,0.0,0.0,76044.13509114583,0
2026-04-21 15:00:00+00:00,75743.328125,75987.8515625,75533.546875,75850.8203125,0,0.0,0.0,76048.45768229167,0
2026-04-21 16:00:00+00:00,75888.15625,76198.0,75773.609375,75800.3515625,0,0.0,0.0,76066.50846354167,0
2026-04-21 17:00:00+00:00,75775.8671875,75909.1484375,75098.9921875,75567.2578125,0,0.0,0.0,76051.08951822917,0
2026-04-21 18:00:00+00:00,75544.078125,75665.8984375,75319.890625,75622.7890625,0,0.0,0.0,76016.62239583333,0
2026-04-21 19:00:00+00:00,75628.078125,75909.5,74825.9921875,75019.9921875,0,0.0,0.0,75962.37174479167,0
2026-04-21 20:00:00+00:00,75009.0625,75865.9921875,74989.5390625,75743.71875,0,0.0,0.0,75938.47330729167,0
2026-04-21 21:00:00+00:00,75740.6796875,75796.6796875,75469.859375,75565.0078125,0,0.0,0.0,75920.8486328125,0
2026-04-21 22:00:00+00:00,75566.1484375,75662.140625,75325.1484375,75662.0078125,115748864,0.0,0.0,75906.57096354167,0
2026-04-21 23:00:00+00:00,75648.0,76444.9765625,75648.0,76346.8125,343629824,0.0,0.0,75926.65234375,1
2026-04-22 00:00:00+00:00,76362.9296875,76519.9921875,76234.046875,76380.46875,11161600,0.0,0.0,75937.20963541667,1
2026-04-22 01:00:00+00:00,76359.6484375,76432.9375,76156.7421875,76315.6484375,16044032,0.0,0.0,75952.23372395833,1
2026-04-22 02:00:00+00:00,76330.0,77668.0,76242.8828125,77626.0078125,1683529728,0.0,0.0,76036.07779947917,1
2026-04-22 03:00:00+00:00,77627.359375,77746.8828125,77430.0,77549.65625,1451786240,0.0,0.0,76111.4560546875,1
2026-04-22 04:00:00+00:00,77541.546875,77711.1875,77386.0,77535.953125,753033216,0.0,0.0,76182.09798177083,1
2026-04-22 05:00:00+00:00,77552.03125,78429.28125,77464.0,77991.9921875,2779820032,0.0,0.0,76271.9404296875,1
2026-04-22 06:00:00+00:00,78000.75,78050.7421875,77908.0,78024.8828125,737804288,0.0,0.0,76356.234375,1
2026-04-22 07:00:00+00:00,78027.609375,78124.6015625,77834.953125,78025.796875,0,0.0,0.0,76435.72200520833,1
2026-04-22 08:00:00+00:00,78055.2109375,78218.0,77960.3515625,78029.703125,230256640,0.0,0.0,76497.5576171875,1
2026-04-22 09:00:00+00:00,78008.7578125,78194.03125,77971.3125,78015.5625,18178048,0.0,0.0,76565.37174479167,1
2026-04-22 10:00:00+00:00,78033.3515625,78192.5078125,77964.1171875,78175.703125,60895232,0.0,0.0,76623.72884114583,1
2026-04-22 11:00:00+00:00,78197.59375,78394.703125,78120.9609375,78322.546875,0,0.0,0.0,76700.55924479167,1
2026-04-22 12:00:00+00:00,78329.0,78514.7890625,78141.8984375,78262.8984375,142364672,0.0,0.0,76793.18424479167,1
2026-04-22 13:00:00+00:00,78252.3515625,78887.4296875,78204.1015625,78887.4296875,1212329984,0.0,0.0,76916.86328125,1
2026-04-22 14:00:00+00:00,78897.4609375,79178.8515625,78612.3125,79080.8984375,1833050112,0.0,0.0,77058.49609375,1
2026-04-22 15:00:00+00:00,79088.203125,79450.0,78867.390625,79323.609375,864710656,0.0,0.0,77203.19563802083,1
2026-04-22 16:00:00+00:00,79368.0078125,79502.78125,78674.0,78779.2890625,912244736,0.0,0.0,77327.31803385417,1
2026-04-22 17:00:00+00:00,78782.46875,79073.4765625,78729.9296875,78922.9921875,0,0.0,0.0,77467.14029947917,1
2026-04-22 18:00:00+00:00,78961.2734375,79193.6171875,78854.6015625,79062.453125,0,0.0,0.0,77610.45963541667,1
2026-04-22 19:00:00+00:00,79013.9375,79106.3984375,78734.1484375,78885.7421875,0,0.0,0.0,77771.53255208333,1
2026-04-22 20:00:00+00:00,78915.8828125,78952.0,78445.796875,78459.828125,0,0.0,0.0,77884.70377604167,1
2026-04-22 21:00:00+00:00,78447.0234375,78858.2421875,78447.0234375,78794.7578125,539648000,0.0,0.0,78019.27669270833,1
2026-04-22 22:00:00+00:00,78785.2421875,78865.078125,78487.28125,78642.8984375,55644160,0.0,0.0,78143.48046875,1
2026-04-22 23:00:00+00:00,78623.9765625,78635.6015625,78195.796875,78208.5078125,77496320,0.0,0.0,78221.05110677083,0
2026-04-23 00:00:00+00:00,78241.203125,78608.9296875,77630.328125,78449.546875,433913856,0.0,0.0,78307.2626953125,1
2026-04-23 01:00:00+00:00,78442.1484375,78482.296875,78093.3125,78379.2109375,1216458752,0.0,0.0,78393.24446614583,0
2026-04-23 02:00:00+00:00,78387.390625,78387.390625,77789.59375,77967.453125,0,0.0,0.0,78407.47135416667,0
2026-04-23 03:00:00+00:00,77969.609375,78050.4375,77501.59375,77742.5703125,122421248,0.0,0.0,78415.50944010417,0
2026-04-23 04:00:00+00:00,77766.8984375,77968.640625,77699.2734375,77937.7265625,0,0.0,0.0,78432.25,0
2026-04-23 05:00:00+00:00,77948.09375,78116.3984375,77800.03125,78032.90625,0,0.0,0.0,78433.95475260417,0
2026-04-23 06:00:00+00:00,78066.203125,78370.4921875,78066.203125,78240.0,0,0.0,0.0,78442.91796875,0
2026-04-23 07:00:00+00:00,78259.9921875,78281.7734375,78008.0703125,78086.140625,0,0.0,0.0,78445.43229166667,0
2026-04-23 08:00:00+00:00,78070.8828125,78204.296875,77744.9921875,77877.34375,0,0.0,0.0,78439.083984375,0
2026-04-23 09:00:00+00:00,77877.34375,77885.96875,77467.7578125,77672.03125,660836352,0.0,0.0,78424.77018229167,0
2026-04-23 10:00:00+00:00,77653.6796875,77737.90625,77216.890625,77425.90625,1202446336,0.0,0.0,78393.52864583333,0
2026-04-23 11:00:00+00:00,77459.4609375,77771.34375,77407.6328125,77722.296875,0,0.0,0.0,78368.51822916667,0
2026-04-23 12:00:00+00:00,77722.296875,77904.09375,77588.0390625,77904.09375,0,0.0,0.0,78353.56803385417,0
2026-04-23 13:00:00+00:00,77894.0078125,77946.390625,77421.15625,77559.6796875,0,0.0,0.0,78298.2451171875,0
2026-04-23 14:00:00+00:00,77534.1015625,78240.9375,77437.4375,78216.578125,0,0.0,0.0,78262.23177083333,0
2026-04-23 15:00:00+00:00,78210.59375,78716.328125,78012.0390625,78413.1796875,0,0.0,0.0,78224.29720052083,1
2026-04-23 16:00:00+00:00,78420.71875,78540.8203125,78066.3671875,78143.3984375,0,0.0,0.0,78197.8017578125,0
2026-04-23 17:00:00+00:00,78148.6328125,78218.5234375,76982.9765625,77796.421875,1448624128,0.0,0.0,78150.861328125,0
2026-04-23 18:00:00+00:00,77791.3984375,78169.59375,77697.7890625,77739.09375,406519808,0.0,0.0,78095.72135416667,0
2026-04-23 19:00:00+00:00,77698.296875,77919.5234375,77629.15625,77745.296875,236609536,0.0,0.0,78048.20279947917,0
2026-04-23 20:00:00+00:00,77740.9296875,78067.15625,77669.8984375,77906.1015625,0,0.0,0.0,78025.130859375,0
2026-04-23 21:00:00+00:00,77906.6015625,78091.9609375,77811.6875,77901.0390625,0,0.0,0.0,77987.892578125,0
2026-04-23 22:00:00+00:00,77909.203125,78357.15625,77909.203125,78257.140625,0,0.0,0.0,77971.8193359375,1
2026-04-23 23:00:00+00:00,78216.09375,78327.6015625,78051.8125,78281.1484375,0,0.0,0.0,77974.84602864583,1
2026-04-24 00:00:00+00:00,78312.109375,78516.328125,78192.2734375,78446.0234375,0,0.0,0.0,77974.69921875,1
2026-04-24 01:00:00+00:00,78447.171875,78483.0703125,77992.28125,78464.1015625,0,0.0,0.0,77978.236328125,1
2026-04-24 02:00:00+00:00,78451.703125,78601.7109375,78100.359375,78154.1015625,0,0.0,0.0,77986.01334635417,1
2026-04-24 03:00:00+00:00,78166.4921875,78198.96875,77590.5234375,77755.390625,39755776,0.0,0.0,77986.54752604167,0
2026-04-24 04:00:00+00:00,77744.90625,77871.9375,77532.90625,77682.90625,117673984,0.0,0.0,77975.93001302083,0
2026-04-24 05:00:00+00:00,77673.6015625,78037.2421875,77468.0,77971.828125,0,0.0,0.0,77973.38509114583,0
2026-04-24 06:00:00+00:00,77989.7890625,77999.09375,77790.2734375,77813.1171875,0,0.0,0.0,77955.59830729167,0
2026-04-24 07:00:00+00:00,77804.6796875,77880.28125,77587.84375,77676.9609375,466751488,0.0,0.0,77938.54915364583,0
2026-04-24 08:00:00+00:00,77676.9609375,78029.9765625,77593.203125,77808.7265625,0,0.0,0.0,77935.69010416667,0
2026-04-24 09:00:00+00:00,77811.4296875,77826.078125,77436.0,77551.890625,0,0.0,0.0,77930.68424479167,0
2026-04-24 10:00:00+00:00,77528.6171875,77800.71875,77457.2109375,77765.3515625,0,0.0,0.0,77944.82779947917,0
2026-04-24 11:00:00+00:00,77769.2265625,78397.3203125,77762.453125,78256.1328125,1135370240,0.0,0.0,77967.07096354167,1
2026-04-24 12:00:00+00:00,78267.28125,78366.46875,78058.75,78298.78125,0,0.0,0.0,77983.51627604167,1
2026-04-24 13:00:00+00:00,78292.6796875,78466.890625,77932.796875,78107.84375,300425216,0.0,0.0,78006.3564453125,1
2026-04-24 14:00:00+00:00,78073.8125,78095.1171875,77709.546875,78074.15625,260997120,0.0,0.0,78000.42220052083,1
2026-04-24 15:00:00+00:00,78060.7421875,78217.75,77602.75,78070.7578125,0,0.0,0.0,77986.15462239583,1
2026-04-24 16:00:00+00:00,78069.359375,78084.5390625,77613.3125,77804.0390625,31268864,0.0,0.0,77972.0146484375,0
2026-04-24 17:00:00+00:00,77764.6328125,77839.6015625,77502.59375,77705.53125,0,0.0,0.0,77968.2275390625,0
2026-04-24 18:00:00+00:00,77695.5,77741.890625,77385.046875,77637.609375,0,0.0,0.0,77963.9990234375,0
2026-04-24 19:00:00+00:00,77655.0,77769.1484375,77555.6015625,77661.8203125,0,0.0,0.0,77960.52083333333,0
2026-04-24 20:00:00+00:00,77648.390625,77784.3125,77478.3203125,77748.6875,0,0.0,0.0,77953.9619140625,0
2026-04-24 21:00:00+00:00,77736.0,77785.0,77565.4375,77565.4375,263231488,0.0,0.0,77939.978515625,0
2026-04-24 22:00:00+00:00,77572.0390625,77650.71875,77309.6015625,77360.78125,392822784,0.0,0.0,77902.63020833333,0
2026-04-24 23:00:00+00:00,77375.6171875,77484.96875,77358.8203125,77461.7890625,217126912,0.0,0.0,77868.490234375,0
2026-04-25 00:00:00+00:00,77466.03125,77518.6015625,77340.046875,77483.4296875,0,0.0,0.0,77828.38216145833,0
2026-04-25 01:00:00+00:00,77498.0234375,77645.4609375,77461.0078125,77559.96875,0,0.0,0.0,77790.7099609375,0
2026-04-25 02:00:00+00:00,77571.2265625,77669.53125,77522.8125,77634.9609375,0,0.0,0.0,77769.0791015625,0
2026-04-25 03:00:00+00:00,77650.7109375,77736.1171875,77574.671875,77699.90625,0,0.0,0.0,77766.76725260417,0
2026-04-25 04:00:00+00:00,77699.90625,77726.15625,77621.8984375,77641.15625,0,0.0,0.0,77765.02766927083,0
2026-04-25 05:00:00+00:00,77634.3203125,77634.3203125,77509.6796875,77542.1875,0,0.0,0.0,77747.1259765625,0
2026-04-25 06:00:00+00:00,77545.75,77609.2734375,77506.7109375,77526.421875,0,0.0,0.0,77735.18033854167,0
2026-04-25 07:00:00+00:00,77510.0078125,77598.0390625,77470.0,77521.96875,0,0.0,0.0,77728.72233072917,0
2026-04-25 08:00:00+00:00,77513.71875,77686.796875,77510.9375,77672.640625,0,0.0,0.0,77723.05208333333,0
2026-04-25 09:00:00+00:00,77693.3515625,77806.0703125,77612.0,77738.1875,0,0.0,0.0,77730.814453125,1
2026-04-25 10:00:00+00:00,77749.9375,77910.359375,77749.9375,77809.4765625,0,0.0,0.0,77732.65299479167,1
2026-04-25 11:00:00+00:00,77809.46875,77809.46875,77636.171875,77706.171875,0,0.0,0.0,77709.73795572917,0
2026-04-25 12:00:00+00:00,77697.40625,77736.9375,77565.453125,77575.2890625,0,0.0,0.0,77679.59244791667,0
2026-04-25 13:00:00+00:00,77579.9921875,77731.6875,77579.9921875,77701.359375,0,0.0,0.0,77662.65559895833,1
2026-04-25 14:00:00+00:00,77701.3515625,77772.078125,77652.09375,77679.9609375,0,0.0,0.0,77646.23079427083,1
2026-04-25 15:00:00+00:00,77679.9609375,77744.0234375,77345.6796875,77354.0625,0,0.0,0.0,77616.36848958333,0
2026-04-25 16:00:00+00:00,77326.0,77483.4375,77201.3515625,77427.6875,0,0.0,0.0,77600.68717447917,0
2026-04-25 17:00:00+00:00,77427.671875,77433.7421875,77236.1328125,77274.5234375,0,0.0,0.0,77582.728515625,0
2026-04-25 18:00:00+00:00,77255.8203125,77414.5625,77242.171875,77311.0078125,0,0.0,0.0,77569.1201171875,0
2026-04-25 19:00:00+00:00,77309.6015625,77372.359375,77210.0,77339.78125,31266816,0.0,0.0,77555.70182291667,0
2026-04-25 20:00:00+00:00,77368.6328125,77506.6015625,77324.5703125,77497.0703125,0,0.0,0.0,77545.2177734375,0
2026-04-25 21:00:00+00:00,77498.2109375,77551.4765625,77434.25,77548.9296875,0,0.0,0.0,77544.52994791667,1
2026-04-25 22:00:00+00:00,77551.609375,77662.25,77519.5234375,77577.9609375,0,0.0,0.0,77553.5791015625,1
2026-04-25 23:00:00+00:00,77577.96875,77666.4765625,77545.7734375,77650.71875,386048,0.0,0.0,77561.451171875,1
2026-04-26 00:00:00+00:00,77651.1171875,77663.84375,77468.3984375,77520.34375,0,0.0,0.0,77562.9892578125,0
2026-04-26 01:00:00+00:00,77550.171875,77591.6796875,77470.3203125,77479.2734375,0,0.0,0.0,77559.626953125,0
2026-04-26 02:00:00+00:00,77471.84375,77620.546875,77471.84375,77545.7109375,0,0.0,0.0,77555.908203125,0
2026-04-26 03:00:00+00:00,77536.6328125,77564.5234375,77346.4375,77408.0,0,0.0,0.0,77543.74544270833,0
2026-04-26 04:00:00+00:00,77400.0234375,77838.0,77394.8828125,77790.6171875,0,0.0,0.0,77549.97298177083,1
2026-04-26 05:00:00+00:00,77790.046875,78212.6015625,77736.0,78004.96875,940247040,0.0,0.0,77569.25553385417,1
2026-04-26 06:00:00+00:00,78025.0078125,78073.90625,77921.8828125,78019.1875,0,0.0,0.0,77589.78743489583,1
2026-04-26 07:00:00+00:00,78024.640625,78148.8203125,77985.6171875,78126.3125,107668480,0.0,0.0,77614.96842447917,1
2026-04-26 08:00:00+00:00,78133.0234375,78232.84375,78047.0,78050.0078125,237775872,0.0,0.0,77630.69205729167,1
2026-04-26 09:00:00+00:00,78039.9375,78081.28125,77940.6875,78026.921875,110282752,0.0,0.0,77642.72265625,1
2026-04-26 10:00:00+00:00,78024.6328125,78070.7421875,77975.4375,78024.640625,0,0.0,0.0,77651.68782552083,1
2026-04-26 11:00:00+00:00,78031.1875,78172.203125,78031.1875,78118.0,0,0.0,0.0,77668.84733072917,1
2026-04-26 12:00:00+00:00,78121.3515625,78135.21875,77791.9765625,77850.8125,137375744,0.0,0.0,77680.32747395833,1
2026-04-26 13:00:00+00:00,77851.7421875,78003.8828125,77820.84375,77993.75,367250432,0.0,0.0,77692.51041666667,1
2026-04-26 14:00:00+00:00,77980.7109375,78189.640625,77893.453125,78108.3671875,189856768,0.0,0.0,77710.36067708333,1
2026-04-26 15:00:00+00:00,78132.859375,78146.7265625,78014.8125,78073.828125,0,0.0,0.0,77740.35091145833,1
2026-04-26 16:00:00+00:00,78084.390625,78112.296875,77954.359375,77954.359375,0,0.0,0.0,77762.29557291667,1
2026-04-26 17:00:00+00:00,77935.9921875,78077.109375,77872.9375,78037.4609375,348411904,0.0,0.0,77794.08463541667,1
2026-04-26 18:00:00+00:00,78054.1484375,78330.0625,78010.0078125,78301.9921875,414023680,0.0,0.0,77835.37565104167,1
2026-04-26 19:00:00+00:00,78316.5703125,78520.90625,78063.9765625,78258.0,637310976,0.0,0.0,77873.634765625,1
2026-04-26 20:00:00+00:00,78271.6015625,78408.390625,78180.0625,78228.578125,240617472,0.0,0.0,77904.1142578125,1
2026-04-26 21:00:00+00:00,78224.9765625,78917.609375,77891.671875,78437.9609375,554913792,0.0,0.0,77941.1572265625,1
2026-04-26 22:00:00+00:00,78383.5625,78882.546875,78024.7578125,78339.53125,2106273792,0.0,0.0,77972.88932291667,1
2026-04-26 23:00:00+00:00,78300.078125,78886.0078125,78059.046875,78664.640625,751665152,0.0,0.0,78015.13606770833,1
2026-04-27 00:00:00+00:00,78673.84375,79346.4765625,78419.9609375,79263.96875,1547227136,0.0,0.0,78087.787109375,1
2026-04-27 01:00:00+00:00,79352.71875,79488.7265625,78765.890625,79298.0,2230464512,0.0,0.0,78163.5673828125,1
2026-04-27 02:00:00+00:00,79307.8515625,79321.859375,79048.0,79150.0,805343232,0.0,0.0,78230.41276041667,1
2026-04-27 03:00:00+00:00,79103.7578125,79332.0,79091.8671875,79120.0234375,592953344,0.0,0.0,78301.7470703125,1
2026-04-27 04:00:00+00:00,79124.3828125,79175.90625,78897.1171875,78942.0234375,243953664,0.0,0.0,78349.72233072917,1
2026-04-27 05:00:00+00:00,78954.2421875,78954.2421875,77602.0078125,77798.7109375,1913896960,0.0,0.0,78341.12825520833,0
2026-04-27 06:00:00+00:00,77776.171875,77879.1171875,77486.0,77709.7578125,967665664,0.0,0.0,78328.2353515625,0
2026-04-27 07:00:00+00:00,77695.0,77749.109375,77572.0078125,77621.2109375,736251904,0.0,0.0,78307.189453125,0
2026-04-27 08:00:00+00:00,77606.4609375,77821.8203125,77563.0234375,77811.5625,512008192,0.0,0.0,78297.25423177083,0
2026-04-27 09:00:00+00:00,77815.953125,77989.3984375,77706.421875,77902.453125,716265472,0.0,0.0,78292.06803385417,0
2026-04-27 10:00:00+00:00,77890.6875,77948.453125,77792.4765625,77857.4375,402022400,0.0,0.0,78285.10123697917,0
2026-04-27 11:00:00+00:00,77850.4375,77896.9609375,77745.0078125,77847.890625,229912576,0.0,0.0,78273.8466796875,0
2026-04-27 12:00:00+00:00,77843.140625,77878.0,77624.9921875,77671.0390625,146503680,0.0,0.0,78266.35611979167,0
2026-04-27 13:00:00+00:00,77654.0,77961.3828125,77576.9765625,77750.0,685049856,0.0,0.0,78256.19986979167,0
2026-04-27 14:00:00+00:00,77743.9609375,78277.2109375,77675.296875,77807.8125,832782336,0.0,0.0,78243.6767578125,0
2026-04-27 15:00:00+00:00,77833.5,77840.6328125,76566.671875,76772.921875,3475200000,0.0,0.0,78189.47233072917,0
2026-04-27 16:00:00+00:00,76750.890625,76853.75,76536.6484375,76615.84375,1258008576,0.0,0.0,78133.70084635417,0
2026-04-27 17:00:00+00:00,76631.0078125,76916.28125,76616.0078125,76721.2265625,862670848,0.0,0.0,78078.85774739583,0
2026-04-27 18:00:00+00:00,76704.0,76883.453125,76647.0234375,76814.0078125,94588928,0.0,0.0,78016.8583984375,0
2026-04-27 19:00:00+00:00,76802.03125,76891.9375,76472.7578125,76878.0,182620160,0.0,0.0,77959.3583984375,0
2026-04-27 20:00:00+00:00,76867.9375,77051.28125,76836.3984375,76955.3671875,305152000,0.0,0.0,77906.30794270833,0
2026-04-27 21:00:00+00:00,76945.921875,76980.5390625,76777.0,76777.0,0,0.0,0.0,77837.10123697917,0
2026-04-27 22:00:00+00:00,76805.296875,77076.46875,76735.0,77051.109375,0,0.0,0.0,77783.4169921875,0
2026-04-27 23:00:00+00:00,77029.140625,77444.3984375,77007.7578125,77364.40625,0,0.0,0.0,77729.24055989583,0
2026-04-28 00:00:00+00:00,77380.9375,77478.9765625,77213.9296875,77381.796875,0,0.0,0.0,77650.81673177083,0
2026-04-28 01:00:00+00:00,77368.3203125,77399.6875,77043.609375,77078.359375,0,0.0,0.0,77558.33170572917,0
2026-04-28 02:00:00+00:00,77103.5625,77226.2265625,76688.03125,76888.0234375,0,0.0,0.0,77464.08268229167,0
2026-04-28 03:00:00+00:00,76876.0390625,76895.8828125,76682.171875,76809.3515625,0,0.0,0.0,77367.8046875,0
2026-04-28 04:00:00+00:00,76808.0,76952.84375,76697.53125,76885.6015625,0,0.0,0.0,77282.12044270833,0
2026-04-28 05:00:00+00:00,76915.1875,77147.109375,76808.0078125,76889.9609375,0,0.0,0.0,77244.255859375,0
2026-04-28 06:00:00+00:00,76891.0078125,77029.3984375,76586.203125,76702.9921875,0,0.0,0.0,77202.30729166667,0
2026-04-28 07:00:00+00:00,76683.21875,76911.109375,76430.90625,76864.3203125,348000256,0.0,0.0,77170.77018229167,0
2026-04-28 08:00:00+00:00,76879.921875,77000.3671875,76743.71875,76857.03125,719095808,0.0,0.0,77130.998046875,0
2026-04-28 09:00:00+00:00,76852.2421875,76867.4375,76485.046875,76587.2421875,0,0.0,0.0,77076.19759114583,0
2026-04-28 10:00:00+00:00,76580.6796875,76684.6796875,76476.8203125,76610.0078125,0,0.0,0.0,77024.22135416667,0
2026-04-28 11:00:00+00:00,76636.5625,76636.5625,76122.4765625,76219.9765625,1286920192,0.0,0.0,76956.3916015625,0
2026-04-28 12:00:00+00:00,76244.546875,76422.03125,76162.3125,76386.953125,717594624,0.0,0.0,76902.88802083333,0
2026-04-28 13:00:00+00:00,76369.3125,76412.8125,75968.5078125,76191.3203125,818823168,0.0,0.0,76837.94303385417,0
2026-04-28 14:00:00+00:00,76190.390625,76198.0078125,75660.703125,75940.0078125,288567296,0.0,0.0,76760.11783854167,0
2026-04-28 15:00:00+00:00,75943.8984375,76071.3828125,75841.859375,76050.296875,0,0.0,0.0,76730.00846354167,0
2026-04-28 16:00:00+00:00,76043.0078125,76178.0,75861.96875,76109.2734375,0,0.0,0.0,76708.9013671875,0
2026-04-28 17:00:00+00:00,76077.9921875,76249.9921875,75939.1015625,76166.7890625,0,0.0,0.0,76685.7998046875,0
2026-04-28 18:00:00+00:00,76177.921875,76264.0,76111.0078125,76220.65625,831488,0.0,0.0,76661.07682291667,0
2026-04-28 19:00:00+00:00,76222.53125,76377.59375,76044.75,76325.9765625,0,0.0,0.0,76638.07584635417,0
2026-04-28 20:00:00+00:00,76338.2109375,76478.328125,76321.453125,76461.9921875,12216320,0.0,0.0,76617.5185546875,0
2026-04-28 21:00:00+00:00,76464.96875,76483.640625,76265.65625,76349.5234375,61394944,0.0,0.0,76599.70703125,0
2026-04-28 22:00:00+00:00,76384.8515625,76439.7421875,76206.0078125,76229.796875,0,0.0,0.0,76565.48567708333,0
2026-04-28 23:00:00+00:00,76219.1796875,76352.6328125,76176.5,76315.90625,0,0.0,0.0,76521.79817708333,0
2026-04-29 00:00:00+00:00,76309.3203125,76536.71875,76255.9765625,76502.3515625,0,0.0,0.0,76485.15462239583,1
2026-04-29 01:00:00+00:00,76486.8125,76630.3203125,76166.578125,76544.703125,427264000,0.0,0.0,76462.9189453125,1
2026-04-29 02:00:00+00:00,76555.4375,76642.6328125,76387.0625,76509.2734375,0,0.0,0.0,76447.1376953125,1
2026-04-29 03:00:00+00:00,76517.9921875,77117.03125,76496.203125,76987.2734375,30533632,0.0,0.0,76454.55110677083,1
2026-04-29 04:00:00+00:00,77001.0390625,77444.4375,76875.6171875,77260.8984375,1159886848,0.0,0.0,76470.1884765625,1
2026-04-29 05:00:00+00:00,77266.0,77321.3515625,77186.75,77280.359375,174544896,0.0,0.0,76486.455078125,1
2026-04-29 06:00:00+00:00,77276.1484375,77317.1484375,76922.296875,77001.609375,148881408,0.0,0.0,76498.8974609375,1
2026-04-29 07:00:00+00:00,77011.0,77175.0,77004.359375,77034.0390625,0,0.0,0.0,76505.96907552083,1
2026-04-29 08:00:00+00:00,77048.3984375,77143.65625,76947.703125,77029.453125,0,0.0,0.0,76513.1533203125,1
2026-04-29 09:00:00+00:00,77020.15625,77788.03125,76948.9921875,77646.2421875,679464960,0.0,0.0,76557.2783203125,1
2026-04-29 10:00:00+00:00,77682.6328125,77896.1875,77560.7578125,77618.0,1459795968,0.0,0.0,76599.27799479167,1
2026-04-29 11:00:00+00:00,77622.5625,77679.4921875,77474.8828125,77581.921875,0,0.0,0.0,76656.02571614583,1
2026-04-29 12:00:00+00:00,77580.7421875,77593.9921875,76980.0,77122.0234375,778452992,0.0,0.0,76686.65364583333,1
2026-04-29 13:00:00+00:00,77117.40625,77220.9921875,76420.0390625,76758.2109375,0,0.0,0.0,76710.27408854167,1
2026-04-29 14:00:00+00:00,76737.921875,76848.03125,76465.78125,76545.2109375,0,0.0,0.0,76735.49088541667,0
2026-04-29 15:00:00+00:00,76542.96875,76609.3828125,75683.3984375,75868.4375,829915136,0.0,0.0,76727.91341145833,0
2026-04-29 16:00:00+00:00,75842.609375,76094.890625,75665.0390625,75766.9375,1276588032,0.0,0.0,76713.6494140625,0
2026-04-29 17:00:00+00:00,75779.46875,76132.0390625,75770.890625,76132.0390625,226410496,0.0,0.0,76712.20149739583,0
2026-04-29 18:00:00+00:00,76181.28125,76190.8671875,74927.65625,75483.90625,2440900608,0.0,0.0,76681.50358072917,0
2026-04-29 19:00:00+00:00,75494.9921875,75567.8984375,75268.1875,75529.6328125,657338368,0.0,0.0,76648.32259114583,0
2026-04-29 20:00:00+00:00,75523.8125,75838.6015625,75462.4765625,75646.8828125,626049024,0.0,0.0,76614.35970052083,0
2026-04-29 21:00:00+00:00,75625.7421875,76016.09375,75579.2109375,75901.8828125,269602816,0.0,0.0,76595.7080078125,0
2026-04-29 22:00:00+00:00,75883.59375,75980.4375,75791.7421875,75895.5078125,208089088,0.0,0.0,76581.779296875,0
2026-04-29 23:00:00+00:00,75900.0390625,75959.78125,75685.171875,75752.8828125,296615936,0.0,0.0,76558.31998697917,0
2026-04-30 00:00:00+00:00,75800.78125,76305.671875,75622.140625,76232.5625,16420864,0.0,0.0,76547.07877604167,0
2026-04-30 01:00:00+00:00,76205.90625,76430.796875,76148.3671875,76212.84375,0,0.0,0.0,76533.25130208333,0
2026-04-30 02:00:00+00:00,76218.140625,76327.1796875,75472.0,75673.171875,583127040,0.0,0.0,76498.41373697917,0
2026-04-30 03:00:00+00:00,75673.5078125,75972.4921875,75650.8515625,75901.8203125,0,0.0,0.0,76453.1865234375,0
2026-04-30 04:00:00+00:00,75902.859375,75937.953125,75361.0390625,75456.2734375,0,0.0,0.0,76377.99381510417,0
2026-04-30 05:00:00+00:00,75458.546875,75725.328125,75312.7109375,75567.8984375,10039296,0.0,0.0,76306.64127604167,0
2026-04-30 06:00:00+00:00,75577.46875,75842.7421875,75543.0625,75726.171875,0,0.0,0.0,76253.498046875,0
2026-04-30 07:00:00+00:00,75724.9765625,76146.546875,75683.9375,76134.328125,0,0.0,0.0,76216.01009114583,0
2026-04-30 08:00:00+00:00,76147.90625,76176.328125,75991.0390625,76035.7421875,0,0.0,0.0,76174.60546875,0
2026-04-30 09:00:00+00:00,76023.7578125,76321.9765625,75980.9765625,76071.859375,0,0.0,0.0,76109.00618489583,0
2026-04-30 10:00:00+00:00,76077.046875,76137.1484375,75952.28125,75994.2890625,0,0.0,0.0,76041.3515625,0
2026-04-30 11:00:00+00:00,76013.0390625,76205.96875,75848.0,76031.9765625,0,0.0,0.0,75976.7705078125,1
2026-04-30 12:00:00+00:00,76039.7578125,76387.5078125,76017.4609375,76278.4375,5537792,0.0,0.0,75941.62109375,1
2026-04-30 13:00:00+00:00,76302.4609375,76614.0,76074.96875,76382.0,0,0.0,0.0,75925.94563802083,1
2026-04-30 14:00:00+00:00,76382.5703125,76558.21875,76056.0703125,76268.4921875,0,0.0,0.0,75914.41569010417,1
2026-04-30 15:00:00+00:00,76281.953125,76620.90625,76124.3671875,76438.84375,0,0.0,0.0,75938.1826171875,1
2026-04-30 16:00:00+00:00,76424.9921875,76452.21875,76181.9921875,76220.046875,0,0.0,0.0,75957.06217447917,1
2026-04-30 17:00:00+00:00,76205.5,76296.7265625,76070.2734375,76210.4296875,0,0.0,0.0,75960.32845052083,1
2026-04-30 18:00:00+00:00,76222.3671875,76442.03125,76165.5234375,76316.0,0,0.0,0.0,75994.9990234375,1
2026-04-30 19:00:00+00:00,76296.75,76495.328125,76280.0,76381.3203125,0,0.0,0.0,76030.48600260417,1
2026-04-30 20:00:00+00:00,76383.796875,76537.7265625,76291.96875,76461.5,0,0.0,0.0,76064.42838541667,1
2026-04-30 21:00:00+00:00,76450.3125,76507.2109375,76205.609375,76207.90625,0,0.0,0.0,76077.17936197917,1
2026-04-30 22:00:00+00:00,76234.453125,76418.40625,76164.9296875,76205.359375,0,0.0,0.0,76090.08984375,1
2026-04-30 23:00:00+00:00,76205.359375,76344.0625,76177.0,76305.0,0,0.0,0.0,76113.0947265625,1
2026-05-01 00:00:00+00:00,76295.7265625,76559.0625,76295.7265625,76423.2421875,0,0.0,0.0,76121.03971354167,1
2026-05-01 01:00:00+00:00,76424.6328125,76746.0078125,76415.3515625,76650.7421875,0,0.0,0.0,76139.28548177083,1
2026-05-01 02:00:00+00:00,76666.5390625,76715.5,76506.296875,76566.4609375,0,0.0,0.0,76176.505859375,1
2026-05-01 03:00:00+00:00,76551.9921875,77420.1171875,76523.203125,77091.84375,1196818432,0.0,0.0,76226.09016927083,1
2026-05-01 04:00:00+00:00,77101.1796875,77175.53125,76944.1015625,77004.9921875,299325440,0.0,0.0,76290.6201171875,1
2026-05-01 05:00:00+00:00,77011.171875,77160.140625,76999.7890625,77140.578125,0,0.0,0.0,76356.1484375,1
2026-05-01 06:00:00+00:00,77144.8125,77161.328125,76861.6796875,76971.9921875,0,0.0,0.0,76408.0576171875,1
2026-05-01 07:00:00+00:00,76953.9921875,77119.2734375,76930.0,77108.0234375,193923072,0.0,0.0,76448.62825520833,1
2026-05-01 08:00:00+00:00,77097.5,77489.828125,77022.546875,77358.3984375,667494400,0.0,0.0,76503.73893229167,1
2026-05-01 09:00:00+00:00,77366.890625,77383.203125,77185.6015625,77266.0,0,0.0,0.0,76553.49479166667,1
2026-05-01 10:00:00+00:00,77250.0078125,77413.578125,77140.0078125,77280.046875,35166208,0.0,0.0,76607.06803385417,1
2026-05-01 11:00:00+00:00,77292.0,77574.7265625,77246.3984375,77452.7265625,601319424,0.0,0.0,76666.26595052083,1
2026-05-01 12:00:00+00:00,77466.34375,78151.96875,77392.0078125,77889.2734375,576391168,0.0,0.0,76733.38411458333,1
2026-05-01 13:00:00+00:00,77894.96875,78940.40625,77894.96875,78759.96875,1674403840,0.0,0.0,76832.46614583333,1
2026-05-01 14:00:00+00:00,78780.0,78888.6484375,78065.1015625,78364.2734375,1997266944,0.0,0.0,76919.79036458333,1
2026-05-01 15:00:00+00:00,78355.6796875,78742.4375,78189.9765625,78445.1171875,1108422656,0.0,0.0,77003.38509114583,1
2026-05-01 16:00:00+00:00,78476.2890625,78691.0,78157.0234375,78202.9296875,1087266816,0.0,0.0,77086.00520833333,1
2026-05-01 17:00:00+00:00,78190.84375,78596.296875,78125.328125,78550.0,400011264,0.0,0.0,77183.4873046875,1
2026-05-01 18:00:00+00:00,78579.203125,78628.4609375,78375.0078125,78432.0,352043008,0.0,0.0,77271.65397135417,1
2026-05-01 19:00:00+00:00,78458.0078125,78552.9765625,78310.1796875,78373.9765625,117395456,0.0,0.0,77354.68131510417,1
2026-05-01 20:00:00+00:00,78398.8203125,78419.25,77750.203125,77872.8125,461291520,0.0,0.0,77413.48600260417,1
2026-05-01 21:00:00+00:00,77872.8125,78207.0390625,77856.9296875,78207.0390625,430862336,0.0,0.0,77496.783203125,1
2026-05-01 22:00:00+00:00,78209.53125,78417.421875,78130.578125,78146.671875,147165184,0.0,0.0,77577.67122395833,1
2026-05-01 23:00:00+00:00,78132.1171875,78234.046875,78032.0703125,78234.046875,0,0.0,0.0,77658.04817708333,1
2026-05-02 00:00:00+00:00,78234.3828125,78388.1328125,78168.0,78346.0234375,0,0.0,0.0,77738.1640625,1
2026-05-02 01:00:00+00:00,78317.109375,78438.84375,78292.8828125,78342.0,0,0.0,0.0,77808.63313802083,1
2026-05-02 02:00:00+00:00,78348.0,78479.71875,78254.84375,78358.1015625,0,0.0,0.0,77883.28483072917,1
2026-05-02 03:00:00+00:00,78365.15625,78508.96875,78240.9765625,78409.6328125,0,0.0,0.0,77938.19270833333,1
2026-05-02 04:00:00+00:00,78419.40625,78443.546875,78144.859375,78179.3828125,0,0.0,0.0,77987.12565104167,1
2026-05-02 05:00:00+00:00,78176.5078125,78236.71875,78034.2890625,78179.6015625,73568256,0.0,0.0,78030.41829427083,1
2026-05-02 06:00:00+00:00,78206.0,78337.1171875,78142.90625,78324.0234375,0,0.0,0.0,78086.7529296875,1
2026-05-02 07:00:00+00:00,78324.0234375,78348.2421875,78200.0,78220.2109375,0,0.0,0.0,78133.09407552083,1
2026-05-02 08:00:00+00:00,78220.21875,78356.7109375,78157.9375,78311.359375,0,0.0,0.0,78172.80078125,1
2026-05-02 09:00:00+00:00,78313.640625,78392.40625,78215.0078125,78299.7890625,0,0.0,0.0,78215.87532552083,1
2026-05-02 10:00:00+00:00,78294.8515625,78317.09375,78221.6015625,78249.9765625,0,0.0,0.0,78256.2890625,0
2026-05-02 11:00:00+00:00,78220.5390625,78234.0625,78093.1015625,78147.0390625,0,0.0,0.0,78285.21875,0
2026-05-02 12:00:00+00:00,78147.0703125,78265.1875,78099.0703125,78213.15625,0,0.0,0.0,78298.7138671875,0
2026-05-02 13:00:00+00:00,78224.3828125,78410.53125,78224.3828125,78364.6796875,0,0.0,0.0,78282.24348958333,1
2026-05-02 14:00:00+00:00,78367.8125,78479.9921875,78305.0,78415.34375,0,0.0,0.0,78284.37141927083,1
2026-05-02 15:00:00+00:00,78424.09375,78486.4921875,78362.09375,78483.5234375,0,0.0,0.0,78285.9716796875,1
2026-05-02 16:00:00+00:00,78486.4765625,78589.3515625,78417.9921875,78446.03125,0,0.0,0.0,78296.10091145833,1
2026-05-02 17:00:00+00:00,78450.0,78479.71875,78372.5,78393.078125,0,0.0,0.0,78289.5625,1
2026-05-02 18:00:00+00:00,78380.5703125,78481.75,78308.0,78456.0078125,0,0.0,0.0,78290.56282552083,1
2026-05-02 19:00:00+00:00,78461.828125,78521.2421875,78431.28125,78484.46875,0,0.0,0.0,78295.16666666667,1
2026-05-02 20:00:00+00:00,78469.34375,78482.609375,78415.8671875,78458.671875,0,0.0,0.0,78319.57747395833,1
2026-05-02 21:00:00+00:00,78474.9765625,79120.75,78450.0,78724.6875,136123392,0.0,0.0,78341.14615885417,1
2026-05-02 22:00:00+00:00,78746.9921875,78874.1484375,78605.2890625,78833.9765625,0,0.0,0.0,78369.78385416667,1
2026-05-02 23:00:00+00:00,78809.7890625,78829.1171875,78625.1328125,78682.3125,0,0.0,0.0,78388.46158854167,1
2026-05-03 00:00:00+00:00,78697.5,78735.9375,78499.6015625,78551.7109375,0,0.0,0.0,78397.03190104167,1
2026-05-03 01:00:00+00:00,78551.7109375,78551.7109375,78151.421875,78250.0,280023040,0.0,0.0,78393.19856770833,0
2026-05-03 02:00:00+00:00,78221.0,78296.328125,78106.03125,78162.859375,4112384,0.0,0.0,78385.0634765625,0
2026-05-03 03:00:00+00:00,78151.28125,78208.4765625,78103.75,78196.0234375,0,0.0,0.0,78376.1630859375,0
2026-05-03 04:00:00+00:00,78187.28125,78230.6015625,78107.2734375,78164.859375,0,0.0,0.0,78375.55794270833,0
2026-05-03 05:00:00+00:00,78153.9765625,78258.203125,78152.796875,78239.8671875,0,0.0,0.0,78378.06901041667,0
2026-05-03 06:00:00+00:00,78239.8671875,78324.03125,78074.90625,78281.1796875,0,0.0,0.0,78376.28385416667,0
2026-05-03 07:00:00+00:00,78282.5078125,78447.6015625,78282.5,78357.6328125,61689856,0.0,0.0,78382.009765625,0
2026-05-03 08:00:00+00:00,78357.6328125,78482.2578125,78354.4609375,78382.84375,0,0.0,0.0,78384.98828125,0
2026-05-03 09:00:00+00:00,78391.6328125,78599.9921875,78354.3203125,78532.4375,137833472,0.0,0.0,78394.68196614583,1
2026-05-03 10:00:00+00:00,78532.4375,78532.4375,78400.15625,78404.7578125,6814720,0.0,0.0,78401.13118489583,1
2026-05-03 11:00:00+00:00,78394.5625,78838.0,78379.390625,78657.9921875,305116160,0.0,0.0,78422.4208984375,1
2026-05-03 12:00:00+00:00,78667.7578125,78863.7265625,78667.7578125,78746.1328125,354806784,0.0,0.0,78444.62825520833,1
2026-05-03 13:00:00+00:00,78749.59375,78768.046875,78575.0,78660.0,0,0.0,0.0,78456.93326822917,1
2026-05-03 14:00:00+00:00,78687.3125,78774.9921875,78600.0234375,78730.390625,424261632,0.0,0.0,78470.06022135417,1
2026-05-03 15:00:00+00:00,78715.96875,78800.0,78618.1328125,78656.84375,209302528,0.0,0.0,78477.28190104167,1
2026-05-03 16:00:00+00:00,78659.59375,78774.03125,78583.59375,78655.4609375,0,0.0,0.0,78486.00813802083,1
2026-05-03 17:00:00+00:00,78645.796875,78816.546875,78566.2265625,78721.359375,301869056,0.0,0.0,78499.6865234375,1
2026-05-03 18:00:00+00:00,78725.46875,78753.6875,78625.046875,78732.28125,0,0.0,0.0,78511.19791666667,1
2026-05-03 19:00:00+00:00,78732.28125,78836.46875,78666.5625,78753.15625,825680896,0.0,0.0,78522.39322916667,1
2026-05-03 20:00:00+00:00,78746.71875,79223.4609375,78719.1328125,78920.7734375,971526144,0.0,0.0,78541.6474609375,1
2026-05-03 21:00:00+00:00,78930.71875,79057.53125,78651.46875,78822.5390625,0,0.0,0.0,78545.724609375,1
2026-05-03 22:00:00+00:00,78877.1328125,79425.46875,78838.3671875,79168.2578125,1317132288,0.0,0.0,78559.65299479167,1
2026-05-03 23:00:00+00:00,79178.6328125,79289.34375,78491.0,78558.7421875,955187200,0.0,0.0,78554.50423177083,1
2026-05-04 00:00:00+00:00,78552.03125,78563.5078125,78275.9765625,78537.4375,525058048,0.0,0.0,78553.90950520833,0
2026-05-04 01:00:00+00:00,78541.703125,79799.8203125,78403.5703125,79754.0,504453120,0.0,0.0,78616.576171875,1
2026-05-04 02:00:00+00:00,79801.4375,80395.75,79548.8515625,80164.7421875,4963385344,0.0,0.0,78699.98795572917,1
2026-05-04 03:00:00+00:00,80165.40625,80420.578125,79911.328125,80319.6015625,1873479680,0.0,0.0,78788.47037760417,1
2026-05-04 04:00:00+00:00,80305.3671875,80600.859375,80223.578125,80327.8671875,2455552000,0.0,0.0,78878.595703125,1
2026-05-04 05:00:00+00:00,80335.3125,80391.6015625,79950.2265625,80013.53125,1487896576,0.0,0.0,78952.49837239583,1
2026-05-04 06:00:00+00:00,80003.5234375,80038.2578125,79480.53125,79859.6328125,1298225152,0.0,0.0,79018.26725260417,1
2026-05-04 07:00:00+00:00,79850.453125,79932.90625,79663.046875,79684.078125,654688256,0.0,0.0,79073.53580729167,1
2026-05-04 08:00:00+00:00,79660.5234375,79788.9921875,79581.078125,79695.359375,970659840,0.0,0.0,79128.22395833333,1
2026-05-04 09:00:00+00:00,79686.640625,79908.2890625,79631.5625,79815.21875,346071040,0.0,0.0,79181.67317708333,1
2026-05-04 10:00:00+00:00,79853.2890625,79854.0390625,78218.109375,78937.6875,5931266048,0.0,0.0,79203.87858072917,0
2026-05-04 11:00:00+00:00,78928.5,79128.859375,78692.5078125,78782.953125,789913600,0.0,0.0,79209.08528645833,0
2026-05-04 12:00:00+00:00,78772.84375,79020.140625,78704.5078125,78868.5078125,204304384,0.0,0.0,79214.18424479167,0
2026-05-04 13:00:00+00:00,78818.9609375,79103.4921875,78561.0,78774.7421875,1251483648,0.0,0.0,79218.96516927083,0
2026-05-04 14:00:00+00:00,78785.0,80551.9921875,78512.0,80225.0,2615791616,0.0,0.0,79281.24055989583,1
2026-05-04 15:00:00+00:00,80234.5625,80390.3515625,79341.40625,80031.0078125,4432556032,0.0,0.0,79338.49739583333,1
2026-05-04 16:00:00+00:00,80024.0,80395.0,79616.828125,80031.0,2752987136,0.0,0.0,79395.8115234375,1
2026-05-04 17:00:00+00:00,80015.0234375,80744.3671875,80015.0234375,80382.7421875,1088856064,0.0,0.0,79465.03580729167,1
2026-05-04 18:00:00+00:00,80409.0078125,80437.3828125,80023.8671875,80108.8984375,1334190080,0.0,0.0,79522.39485677083,1
2026-05-04 19:00:00+00:00,80101.59375,80137.0078125,79880.5,80048.03125,414932992,0.0,0.0,79576.34798177083,1
2026-05-04 20:00:00+00:00,80031.7578125,80162.0078125,79891.640625,79935.828125,0,0.0,0.0,79618.64192708333,1
2026-05-04 21:00:00+00:00,79950.4765625,80363.4921875,79950.4765625,80260.078125,0,0.0,0.0,79678.53938802083,1
2026-05-04 22:00:00+00:00,80275.0,80393.5625,80039.359375,80059.6875,0,0.0,0.0,79715.68229166667,1
2026-05-04 23:00:00+00:00,80041.8671875,80047.2421875,79738.796875,79841.1015625,864256,0.0,0.0,79769.11393229167,1
2026-05-05 00:00:00+00:00,79852.3671875,80176.0234375,79789.5,80163.9921875,0,0.0,0.0,79836.88704427083,1
2026-05-05 01:00:00+00:00,80164.0078125,80377.71875,80066.2890625,80345.9921875,0,0.0,0.0,79861.55338541667,1
2026-05-05 02:00:00+00:00,80337.1796875,80897.0078125,80298.8515625,80549.2265625,0,0.0,0.0,79877.57356770833,1
2026-05-05 03:00:00+00:00,80570.0078125,81073.0,80446.0,80882.140625,0,0.0,0.0,79901.0126953125,1
2026-05-05 04:00:00+00:00,80881.9375,80975.46875,80716.2421875,80900.328125,0,0.0,0.0,79924.865234375,1
2026-05-05 05:00:00+00:00,80881.5078125,81312.0078125,80833.171875,80966.1015625,0,0.0,0.0,79964.5556640625,1
2026-05-05 06:00:00+00:00,80965.5625,81007.5,80787.6328125,80972.25,0,0.0,0.0,80010.91471354167,1
2026-05-05 07:00:00+00:00,80968.9921875,81161.359375,80831.171875,80874.0,324939776,0.0,0.0,80060.49479166667,1
2026-05-05 08:00:00+00:00,80856.578125,80889.453125,80713.9765625,80817.96875,67211264,0.0,0.0,80107.27018229167,1
2026-05-05 09:00:00+00:00,80813.0,80813.0,80520.9375,80585.828125,392527872,0.0,0.0,80139.37890625,1
2026-05-05 10:00:00+00:00,80573.7578125,80846.1796875,80520.0,80833.703125,0,0.0,0.0,80218.37955729167,1
2026-05-05 11:00:00+00:00,80845.5078125,81114.09375,80789.9921875,80937.359375,0,0.0,0.0,80308.146484375,1
2026-05-06 00:00:00+00:00,80884.8203125,81248.7265625,80743.46875,81014.921875,2387050496,0.0,0.0,80397.58040364583,1
2026-05-06 01:00:00+00:00,81011.0625,81500.9609375,80973.546875,81430.0390625,139309056,0.0,0.0,80508.2177734375,1
2026-05-06 02:00:00+00:00,81425.1875,81425.1875,81036.8984375,81355.5,0,0.0,0.0,80555.32194010417,1
2026-05-06 03:00:00+00:00,81358.53125,81750.0,81352.4765625,81576.25,0,0.0,0.0,80619.70703125,1
2026-05-06 04:00:00+00:00,81592.8515625,81636.0,81264.609375,81331.046875,0,0.0,0.0,80673.87565104167,1
2026-05-06 05:00:00+00:00,81319.0234375,81336.0,81054.2890625,81319.140625,0,0.0,0.0,80712.89225260417,1
2026-05-06 06:00:00+00:00,81306.9765625,81517.890625,81202.7890625,81472.953125,0,0.0,0.0,80769.72786458333,1
2026-05-06 07:00:00+00:00,81495.0390625,81606.0,81306.0,81370.0,0,0.0,0.0,80824.80989583333,1
2026-05-06 08:00:00+00:00,81364.3125,81988.7265625,81318.1015625,81952.0,0,0.0,0.0,80908.81705729167,1
2026-05-06 09:00:00+00:00,81966.84375,82058.7265625,81678.421875,81998.640625,0,0.0,0.0,80981.25716145833,1
2026-05-06 10:00:00+00:00,82020.0078125,82387.9921875,81968.5078125,82286.9765625,0,0.0,0.0,81074.06087239583,1
2026-05-06 11:00:00+00:00,82271.4296875,82800.0,82271.4296875,82522.046875,0,0.0,0.0,81185.76692708333,1
2026-05-06 12:00:00+00:00,82520.75,82537.03125,82186.1171875,82223.6015625,0,0.0,0.0,81271.583984375,1
2026-05-06 13:00:00+00:00,82217.890625,82217.890625,81606.0,81667.0703125,0,0.0,0.0,81326.62890625,1
2026-05-06 14:00:00+00:00,81658.9296875,81962.8515625,81136.7734375,81515.4296875,0,0.0,0.0,81366.88736979167,1
2026-05-06 15:00:00+00:00,81534.9921875,81801.3828125,81305.8828125,81699.0703125,0,0.0,0.0,81400.92610677083,1
2026-05-06 16:00:00+00:00,81703.25,81863.609375,81425.0078125,81622.53125,0,0.0,0.0,81431.01790364583,1
2026-05-06 17:00:00+00:00,81622.2734375,81700.171875,81382.609375,81447.8984375,0,0.0,0.0,81451.0927734375,0
2026-05-06 18:00:00+00:00,81452.15625,81557.6171875,81266.0,81347.828125,0,0.0,0.0,81466.74186197917,0
2026-05-06 19:00:00+00:00,81330.84375,81511.5625,81186.1484375,81460.6796875,0,0.0,0.0,81491.18684895833,0
2026-05-06 20:00:00+00:00,81465.5078125,81705.328125,81301.28125,81434.9765625,0,0.0,0.0,81516.8955078125,0
2026-05-06 21:00:00+00:00,81425.890625,81625.21875,81300.0,81539.1875,0,0.0,0.0,81556.61881510417,0
2026-05-06 22:00:00+00:00,81528.8515625,81528.8515625,81237.9609375,81339.671875,0,0.0,0.0,81577.70084635417,0
2026-05-06 23:00:00+00:00,81325.9921875,81447.8125,81006.0,81438.1015625,13193216,0.0,0.0,81598.56510416667,0
2026-05-07 00:00:00+00:00,81416.3984375,81482.9765625,80989.671875,81019.796875,3962589184,0.0,0.0,81598.76822916667,0
2026-05-07 01:00:00+00:00,81010.7734375,81280.0,80871.8203125,81175.59375,0,0.0,0.0,81588.16634114583,0
2026-05-07 02:00:00+00:00,81167.921875,81167.921875,80890.0,81118.6015625,101564416,0.0,0.0,81578.29557291667,0
2026-05-07 03:00:00+00:00,81081.0078125,81109.25,80830.8125,80842.0,0,0.0,0.0,81547.70182291667,0
2026-05-07 04:00:00+00:00,80841.9921875,80983.2265625,80724.7421875,80974.0078125,0,0.0,0.0,81532.8251953125,0
2026-05-07 05:00:00+00:00,80973.9765625,81158.0,80963.40625,81085.9921875,0,0.0,0.0,81523.11067708333,0
2026-05-07 06:00:00+00:00,81092.9765625,81443.1328125,80879.1484375,81443.1328125,0,0.0,0.0,81521.8681640625,0
2026-05-07 07:00:00+00:00,81442.2265625,81708.0625,81392.6328125,81517.796875,318640128,0.0,0.0,81528.0263671875,0
2026-05-07 08:00:00+00:00,81529.6875,81591.8984375,81194.15625,81211.4921875,0,0.0,0.0,81497.171875,0
2026-05-07 09:00:00+00:00,81220.0078125,81220.0078125,80852.8125,80914.5,0,0.0,0.0,81451.99934895833,0
2026-05-07 10:00:00+00:00,80906.28125,80982.7109375,80564.1328125,80837.1171875,0,0.0,0.0,81391.58854166667,0
2026-05-07 11:00:00+00:00,80847.09375,81028.2734375,80780.34375,80857.328125,0,0.0,0.0,81322.22526041667,0
2026-05-07 12:00:00+00:00,80844.3984375,81192.46875,80824.8515625,81160.8515625,0,0.0,0.0,81277.94401041667,0
2026-05-07 13:00:00+00:00,81144.0078125,81168.859375,80255.5,80491.34375,0,0.0,0.0,81228.95540364583,0
2026-05-07 14:00:00+00:00,80457.6875,80684.9375,80040.90625,80154.8203125,0,0.0,0.0,81172.26334635417,0
2026-05-07 15:00:00+00:00,80129.671875,80267.328125,79730.6328125,79868.4296875,1244575744,0.0,0.0,81095.98665364583,0
2026-05-07 16:00:00+00:00,79865.25,80003.7109375,79693.9921875,79778.453125,1034244096,0.0,0.0,81019.15006510417,0
2026-05-07 17:00:00+00:00,79788.796875,80131.09375,79520.7578125,80090.90625,506880000,0.0,0.0,80962.60872395833,0
2026-05-07 18:00:00+00:00,80096.5390625,80282.0,79999.15625,80203.7578125,219967488,0.0,0.0,80914.93912760417,0
2026-05-07 19:00:00+00:00,80199.578125,80216.96875,79920.0078125,80124.5,176791552,0.0,0.0,80859.26497395833,0
2026-05-07 20:00:00+00:00,80161.9765625,80330.671875,79848.8828125,79876.140625,0,0.0,0.0,80794.3134765625,0
2026-05-07 21:00:00+00:00,79899.9921875,79922.2890625,79643.78125,79730.4609375,267792384,0.0,0.0,80718.94986979167,0
2026-05-07 22:00:00+00:00,79712.359375,79978.0703125,79573.3203125,79907.390625,404574208,0.0,0.0,80659.271484375,0
2026-05-07 23:00:00+00:00,79872.7734375,80059.5,79857.9609375,80005.3671875,14422016,0.0,0.0,80599.57421875,0
2026-05-08 00:00:00+00:00,80026.3828125,80124.5,79739.8828125,79819.5234375,0,0.0,0.0,80549.56282552083,0
2026-05-08 01:00:00+00:00,79843.5703125,79888.1875,79622.9296875,79642.8984375,0,0.0,0.0,80485.70052083333,0
2026-05-08 03:00:00+00:00,79248.484375,79604.7578125,79248.484375,79550.5,476786688,0.0,0.0,80420.36295572917,0
2026-05-08 04:00:00+00:00,79552.4765625,79705.3125,79537.453125,79644.078125,0,0.0,0.0,80370.44954427083,0
2026-05-08 05:00:00+00:00,79633.5625,79738.46875,79581.5859375,79624.6171875,0,0.0,0.0,80314.22493489583,0
2026-05-08 06:00:00+00:00,79470.28125,79625.015625,79412.0390625,79472.875,502022144,0.0,0.0,80247.01171875,0
2026-05-08 07:00:00+00:00,79465.3359375,79699.7734375,79247.7890625,79637.5390625,456253440,0.0,0.0,80171.77864583333,0
2026-05-08 08:00:00+00:00,79663.8984375,79934.1953125,79658.75,79928.7109375,223948800,0.0,0.0,80105.56673177083,0
2026-05-08 09:00:00+00:00,79876.484375,80005.6484375,79781.5390625,79850.6015625,0,0.0,0.0,80048.86295572917,0
2026-05-08 10:00:00+00:00,79860.265625,80213.4140625,79789.21875,80213.4140625,0,0.0,0.0,80019.65104166667,1
2026-05-08 11:00:00+00:00,80205.53125,80291.2109375,80134.1015625,80224.609375,523055104,0.0,0.0,79994.1298828125,1
2026-05-08 12:00:00+00:00,80214.359375,80475.34375,79985.0,80020.046875,367104000,0.0,0.0,79959.2431640625,1
2026-05-08 13:00:00+00:00,80017.84375,80093.078125,79525.46875,79599.109375,0,0.0,0.0,79894.17057291667,0
2026-05-08 14:00:00+00:00,79626.5390625,80408.9765625,79626.5390625,80134.4296875,0,0.0,0.0,79879.29915364583,1
2026-05-08 15:00:00+00:00,80134.09375,80187.5625,79606.7265625,80125.6328125,0,0.0,0.0,79878.0830078125,1
2026-05-08 16:00:00+00:00,80159.5234375,80165.3203125,79716.84375,79777.0390625,0,0.0,0.0,79874.27506510417,0
2026-05-08 17:00:00+00:00,79762.3515625,80254.9921875,79716.296875,80046.859375,164548608,0.0,0.0,79885.45865885417,1
2026-05-08 18:00:00+00:00,80081.0390625,80294.9765625,80072.0078125,80075.7109375,95424512,0.0,0.0,79884.82552083333,1
2026-05-08 19:00:00+00:00,80066.5,80128.2109375,79954.078125,80101.3125,0,0.0,0.0,79880.55696614583,1
2026-05-08 20:00:00+00:00,80121.3671875,80284.078125,80077.703125,80131.1484375,0,0.0,0.0,79880.833984375,1
2026-05-08 21:00:00+00:00,80154.5,80261.359375,80104.703125,80253.671875,23531520,0.0,0.0,79896.564453125,1
2026-05-08 22:00:00+00:00,80230.7890625,80413.0234375,80230.7890625,80273.96875,0,0.0,0.0,79919.21061197917,1
2026-05-08 23:00:00+00:00,80270.7109375,80288.828125,80111.0,80188.8203125,419674112,0.0,0.0,79930.93684895833,1
2026-05-09 00:00:00+00:00,80188.3828125,80238.0,80116.9765625,80230.2265625,0,0.0,0.0,79940.30598958333,1
2026-05-09 01:00:00+00:00,80219.5,80436.21875,80219.5,80318.2578125,0,0.0,0.0,79961.08658854167,1
2026-05-09 02:00:00+00:00,80318.2578125,80472.34375,80318.2578125,80407.296875,0,0.0,0.0,79992.9365234375,1
2026-05-09 03:00:00+00:00,80408.03125,80508.71875,80305.0,80380.296875,0,0.0,0.0,80027.51139322917,1
2026-05-09 04:00:00+00:00,80385.0625,80647.1015625,80366.140625,80385.0625,46252032,0.0,0.0,80058.3857421875,1
2026-05-09 05:00:00+00:00,80382.078125,80480.9921875,80345.9296875,80374.0,0,0.0,0.0,80089.61002604167,1
2026-05-09 06:00:00+00:00,80374.0,80425.578125,80190.1328125,80248.1328125,0,0.0,0.0,80121.91243489583,1
2026-05-09 07:00:00+00:00,80250.953125,80296.6015625,80133.59375,80214.859375,0,0.0,0.0,80145.96744791667,1
2026-05-09 08:00:00+00:00,80214.8671875,80434.6171875,80204.4609375,80399.9921875,0,0.0,0.0,80165.60416666667,1
2026-05-09 09:00:00+00:00,80400.0,80406.1328125,80200.0078125,80236.7421875,0,0.0,0.0,80181.693359375,1
2026-05-09 10:00:00+00:00,80236.7421875,80330.890625,80160.0,80259.3125,0,0.0,0.0,80183.60579427083,1
2026-05-09 11:00:00+00:00,80249.6171875,80365.9609375,80241.7265625,80330.5,0,0.0,0.0,80188.01790364583,1
2026-05-09 12:00:00+00:00,80315.96875,80411.21875,80257.671875,80400.0078125,0,0.0,0.0,80203.849609375,1
2026-05-09 13:00:00+00:00,80393.6015625,80422.7890625,80306.796875,80391.53125,0,0.0,0.0,80236.8671875,1
2026-05-09 14:00:00+00:00,80391.5234375,80416.25,80241.3828125,80325.09375,0,0.0,0.0,80244.8115234375,1
2026-05-09 15:00:00+00:00,80314.21875,80590.4921875,80220.7890625,80523.9609375,0,0.0,0.0,80261.40852864583,1
2026-05-09 16:00:00+00:00,80523.9609375,80761.1875,80478.3671875,80609.296875,0,0.0,0.0,80296.0859375,1
2026-05-09 17:00:00+00:00,80610.15625,80905.71875,80610.15625,80795.4375,0,0.0,0.0,80327.27669270833,1
2026-05-09 18:00:00+00:00,80815.4296875,81061.546875,80775.0,80898.40625,0,0.0,0.0,80361.5556640625,1
2026-05-09 19:00:00+00:00,80898.7265625,80951.1796875,80769.0,80942.609375,0,0.0,0.0,80396.60970052083,1
2026-05-09 20:00:00+00:00,80939.0078125,80939.0078125,80736.796875,80786.4765625,0,0.0,0.0,80423.9150390625,1
2026-05-09 21:00:00+00:00,80797.4296875,80882.546875,80733.0234375,80767.328125,0,0.0,0.0,80445.3173828125,1
2026-05-09 22:00:00+00:00,80779.359375,80812.4765625,80661.0,80756.9921875,0,0.0,0.0,80465.443359375,1
2026-05-09 23:00:00+00:00,80743.203125,80829.859375,80607.8125,80658.9765625,0,0.0,0.0,80485.033203125,1
2026-05-10 00:00:00+00:00,80653.46875,80758.296875,80609.7421875,80664.0,23934976,0.0,0.0,80503.10709635417,1
2026-05-10 01:00:00+00:00,80658.96875,80675.21875,80552.7265625,80643.2890625,0,0.0,0.0,80516.65006510417,1
2026-05-10 02:00:00+00:00,80659.609375,80771.9765625,80586.7265625,80767.3203125,0,0.0,0.0,80531.65104166667,1
2026-05-10 03:00:00+00:00,80764.1484375,80867.84375,80693.8203125,80780.8125,0,0.0,0.0,80548.33919270833,1
2026-05-10 04:00:00+00:00,80752.2265625,80833.5390625,80714.0078125,80747.1171875,0,0.0,0.0,80563.4248046875,1
2026-05-10 05:00:00+00:00,80739.0078125,80801.40625,80666.0,80679.9921875,0,0.0,0.0,80576.17447916667,1
2026-05-10 06:00:00+00:00,80684.1015625,80748.0,80635.7109375,80724.0625,0,0.0,0.0,80596.0048828125,1
2026-05-10 07:00:00+00:00,80734.2109375,80794.0,80711.09375,80725.84375,0,0.0,0.0,80617.2958984375,1
2026-05-10 08:00:00+00:00,80725.84375,80890.7578125,80704.8125,80819.0,0,0.0,0.0,80634.75455729167,1
2026-05-10 09:00:00+00:00,80824.546875,80896.546875,80734.2265625,80794.0234375,0,0.0,0.0,80657.974609375,1
2026-05-10 10:00:00+00:00,80794.0234375,80871.3984375,80676.0234375,80852.40625,69607424,0.0,0.0,80682.68684895833,1
2026-05-10 11:00:00+00:00,80853.5078125,80951.1484375,80737.21875,80794.0,156495872,0.0,0.0,80701.99934895833,1
2026-05-10 12:00:00+00:00,80791.4921875,80941.3515625,80763.2265625,80928.0,0,0.0,0.0,80723.9990234375,1
2026-05-10 13:00:00+00:00,80921.953125,80995.796875,80853.5,80962.34375,5599232,0.0,0.0,80747.78287760417,1
2026-05-10 14:00:00+00:00,80954.0078125,80993.109375,80800.0078125,80960.8984375,84712448,0.0,0.0,80774.27473958333,1
2026-05-10 15:00:00+00:00,80994.0234375,81434.65625,80922.140625,81404.6484375,696982528,0.0,0.0,80810.97005208333,1
2026-05-10 16:00:00+00:00,81438.828125,81489.2578125,81183.296875,81357.2734375,487999488,0.0,0.0,80842.1357421875,1
2026-05-10 17:00:00+00:00,81360.0,81555.3671875,81207.25,81471.421875,341364736,0.0,0.0,80870.3017578125,1
2026-05-10 18:00:00+00:00,81480.0078125,81486.53125,81210.8671875,81268.546875,497362944,0.0,0.0,80885.72428385417,1
2026-05-10 19:00:00+00:00,81265.5390625,81476.9921875,81144.0,81425.140625,307822592,0.0,0.0,80905.82975260417,1
2026-05-10 20:00:00+00:00,81428.828125,81447.5625,80290.0,80723.9921875,1779113984,0.0,0.0,80903.22623697917,0
2026-05-10 21:00:00+00:00,80710.1171875,80936.53125,80571.6796875,80704.328125,874268672,0.0,0.0,80900.60123697917,0
2026-05-10 22:00:00+00:00,80682.0,82151.7265625,80661.9921875,82035.109375,2963243008,0.0,0.0,80953.85611979167,1
2026-05-10 23:00:00+00:00,82091.859375,82449.9921875,82067.1875,82186.8203125,2195412992,0.0,0.0,81017.51627604167,1
2026-05-11 00:00:00+00:00,82200.0,82340.359375,81257.96875,81461.5625,1554477056,0.0,0.0,81050.748046875,1
2026-05-11 01:00:00+00:00,81459.6328125,81727.5234375,81270.0078125,81486.546875,882757632,0.0,0.0,81085.8837890625,1
2026-05-11 02:00:00+00:00,81487.109375,81546.921875,81100.8828125,81155.609375,122085376,0.0,0.0,81102.0625,1
2026-05-11 03:00:00+00:00,81149.6015625,81171.6015625,80507.796875,80717.453125,1744568320,0.0,0.0,81099.42252604167,0
2026-05-11 04:00:00+00:00,80698.109375,80853.5625,80619.84375,80806.4609375,289011712,0.0,0.0,81101.89518229167,0
2026-05-11 05:00:00+00:00,80791.40625,80958.0625,80737.2265625,80809.9921875,141498368,0.0,0.0,81107.31184895833,0
2026-05-11 06:00:00+00:00,80804.4296875,81024.46875,80743.5078125,80814.09375,519299072,0.0,0.0,81111.06315104167,0
2026-05-11 07:00:00+00:00,80812.0078125,80820.0,80665.3515625,80722.1875,555380736,0.0,0.0,81110.91080729167,0
2026-05-11 08:00:00+00:00,80710.2890625,80846.4609375,80600.0,80753.96875,389519360,0.0,0.0,81108.201171875,0
2026-05-11 09:00:00+00:00,80736.84375,80987.6328125,80733.7265625,80944.6484375,247339008,0.0,0.0,81114.47721354167,0
2026-05-11 10:00:00+00:00,80955.59375,81191.859375,80927.28125,80927.28125,425041920,0.0,0.0,81117.59700520833,0
2026-05-11 11:00:00+00:00,80927.28125,81181.4765625,80891.828125,81181.4765625,125906944,0.0,0.0,81133.74186197917,1
2026-05-11 12:00:00+00:00,81185.59375,81342.1328125,81002.0625,81032.828125,416086016,0.0,0.0,81138.10970052083,0
2026-05-11 13:00:00+00:00,81050.15625,81311.9921875,80731.9375,81039.46875,1005092864,0.0,0.0,81141.3232421875,0
2026-05-11 14:00:00+00:00,81034.1171875,81214.03125,80426.7421875,80910.8984375,965476352,0.0,0.0,81139.23990885417,0
2026-05-11 15:00:00+00:00,80909.0,81422.6875,80791.921875,81422.6875,142274560,0.0,0.0,81139.99153645833,1
2026-05-11 16:00:00+00:00,81428.8125,81894.828125,81319.9296875,81551.9921875,400945152,0.0,0.0,81148.10481770833,1
2026-05-11 17:00:00+00:00,81555.2890625,82048.203125,81343.3828125,81927.9921875,798400512,0.0,0.0,81167.12858072917,1
2026-05-11 18:00:00+00:00,81931.6015625,82131.171875,81828.7109375,81846.140625,447033344,0.0,0.0,81191.19498697917,1
2026-05-11 19:00:00+00:00,81864.0,82081.9765625,81739.453125,81956.0,397742080,0.0,0.0,81213.31412760417,1
2026-05-11 20:00:00+00:00,81962.9296875,82067.7421875,81748.9921875,81812.203125,0,0.0,0.0,81258.65625,1
2026-05-11 21:00:00+00:00,81812.203125,81876.640625,81580.0,81812.453125,0,0.0,0.0,81304.828125,1
2026-05-11 22:00:00+00:00,81831.2109375,81955.4375,81715.5390625,81813.03125,0,0.0,0.0,81295.57486979167,1
2026-05-11 23:00:00+00:00,81791.828125,81803.25,81601.2890625,81727.0625,0,0.0,0.0,81276.41829427083,1
2026-05-12 00:00:00+00:00,81716.0,81770.609375,81462.3984375,81528.2109375,0,0.0,0.0,81279.1953125,1
2026-05-12 01:00:00+00:00,81524.953125,81603.3203125,80688.8984375,81183.4375,310943744,0.0,0.0,81266.56575520833,0
2026-05-12 02:00:00+00:00,81167.640625,81318.0,81078.078125,81235.0390625,0,0.0,0.0,81269.87532552083,0
2026-05-12 03:00:00+00:00,81233.453125,81272.7890625,81001.203125,81036.0078125,0,0.0,0.0,81283.1484375,0
2026-05-12 04:00:00+00:00,81020.1484375,81282.0,80977.0703125,81203.9765625,0,0.0,0.0,81299.71158854167,0
2026-05-12 05:00:00+00:00,81203.9765625,81288.8203125,81165.0234375,81200.0,0,0.0,0.0,81315.9619140625,0
2026-05-12 06:00:00+00:00,81184.5234375,81282.7734375,80981.8203125,80997.0390625,6021120,0.0,0.0,81323.58463541667,0
2026-05-12 07:00:00+00:00,80984.3984375,81106.0078125,80815.828125,80835.2734375,503185408,0.0,0.0,81328.29654947917,0
2026-05-12 08:00:00+00:00,80825.1171875,80938.859375,80730.25,80806.0,78776320,0.0,0.0,81330.46451822917,0
2026-05-12 09:00:00+00:00,80801.2578125,80934.03125,80688.0,80799.9609375,337725440,0.0,0.0,81324.43587239583,0
2026-05-12 10:00:00+00:00,80799.703125,80810.7890625,80601.7421875,80643.390625,19859456,0.0,0.0,81312.60709635417,0
2026-05-12 11:00:00+00:00,80664.0,80764.296875,80471.8984375,80764.296875,458514432,0.0,0.0,81295.224609375,0
2026-05-12 12:00:00+00:00,80755.96875,80981.2890625,80597.6796875,80862.5390625,654784512,0.0,0.0,81288.12923177083,0
2026-05-12 13:00:00+00:00,80865.2734375,80909.4375,80373.703125,80430.5234375,140582912,0.0,0.0,81262.75651041667,0
2026-05-12 14:00:00+00:00,80415.296875,80869.40625,80359.90625,80518.5703125,561928192,0.0,0.0,81246.40950520833,0
2026-05-12 15:00:00+00:00,80507.203125,80644.5234375,80143.65625,80287.6015625,505669632,0.0,0.0,81199.1142578125,0
2026-05-12 16:00:00+00:00,80283.3671875,80393.296875,79817.921875,79967.671875,79321088,0.0,0.0,81133.10091145833,0
2026-05-12 17:00:00+00:00,79974.0,80571.046875,79920.9609375,80493.8125,119416832,0.0,0.0,81073.34342447917,0
2026-05-12 18:00:00+00:00,80487.109375,80731.1796875,80414.5625,80650.109375,0,0.0,0.0,81023.5087890625,0
2026-05-12 19:00:00+00:00,80647.8984375,80857.7890625,80647.8984375,80814.0390625,0,0.0,0.0,80975.92708333333,0
2026-05-12 20:00:00+00:00,80823.8984375,80869.828125,80617.5703125,80673.03125,12490752,0.0,0.0,80928.46158854167,0
2026-05-12 21:00:00+00:00,80688.1875,80718.25,80472.3125,80569.2421875,127975424,0.0,0.0,80876.6611328125,0
2026-05-12 22:00:00+00:00,80612.5078125,80773.7734375,80595.59375,80639.9921875,0,0.0,0.0,80827.78450520833,0
2026-05-12 23:00:00+00:00,80639.9921875,80697.5625,80420.1015625,80484.078125,2324480,0.0,0.0,80775.99348958333,0
2026-05-13 00:00:00+00:00,80480.9375,80754.390625,80393.296875,80698.0,0,0.0,0.0,80741.4013671875,0
2026-05-13 01:00:00+00:00,80697.9921875,81144.0078125,80658.2890625,80985.8828125,0,0.0,0.0,80733.169921875,1
2026-05-13 02:00:00+00:00,80999.9921875,81244.71875,80922.609375,81040.6015625,0,0.0,0.0,80725.068359375,1
2026-05-13 03:00:00+00:00,81012.046875,81275.1484375,80970.140625,81240.4375,283498496,0.0,0.0,80733.58626302083,1
2026-05-13 04:00:00+00:00,81240.78125,81254.859375,81107.5234375,81217.390625,9961472,0.0,0.0,80734.14518229167,1
2026-05-13 05:00:00+00:00,81204.0,81226.0234375,80973.3671875,80998.671875,69398528,0.0,0.0,80725.75651041667,1
2026-05-13 06:00:00+00:00,80999.890625,81136.9921875,80947.0,80958.0625,0,0.0,0.0,80724.13248697917,1
2026-05-13 07:00:00+00:00,80955.0703125,81028.390625,80861.2109375,80996.0078125,0,0.0,0.0,80730.82975260417,1
2026-05-13 08:00:00+00:00,80996.6875,81172.609375,80908.2421875,81165.09375,215255040,0.0,0.0,80745.7919921875,1
2026-05-13 09:00:00+00:00,81172.5234375,81285.5078125,81094.171875,81256.6015625,0,0.0,0.0,80764.81868489583,1
2026-05-13 10:00:00+00:00,81252.5390625,81264.359375,80774.8671875,80774.8671875,89561088,0.0,0.0,80770.296875,1
2026-05-13 11:00:00+00:00,80765.7265625,80816.5,80468.2890625,80471.15625,0,0.0,0.0,80758.08268229167,0
2026-05-13 12:00:00+00:00,80471.703125,80564.5625,79826.0,80172.5078125,902643712,0.0,0.0,80729.33138020833,0
2026-05-13 13:00:00+00:00,80172.0703125,80321.9765625,79549.2421875,79613.25,914157568,0.0,0.0,80695.2783203125,0
2026-05-13 14:00:00+00:00,79583.0390625,79861.296875,79438.078125,79724.671875,0,0.0,0.0,80662.19921875,0
2026-05-13 15:00:00+00:00,79721.9609375,79820.0390625,78765.640625,78775.0,154724352,0.0,0.0,80599.17415364583,0
2026-05-13 16:00:00+00:00,78773.6796875,79181.3828125,78699.8828125,79068.3515625,1582884864,0.0,0.0,80561.70247395833,0
2026-05-13 17:00:00+00:00,79099.2109375,79528.7890625,79070.84375,79486.0,0,0.0,0.0,80519.71028645833,0
2026-05-13 18:00:00+00:00,79495.4609375,79782.0,79491.859375,79574.0,644149248,0.0,0.0,80474.87239583333,0
2026-05-13 19:00:00+00:00,79575.1484375,79614.5390625,79363.9921875,79604.7890625,0,0.0,0.0,80424.48697916667,0
2026-05-13 20:00:00+00:00,79615.9921875,79731.0078125,79576.3125,79676.6484375,0,0.0,0.0,80382.97102864583,0
2026-05-13 21:00:00+00:00,79676.859375,79676.8984375,79324.2578125,79363.109375,241176576,0.0,0.0,80332.71549479167,0
2026-05-13 22:00:00+00:00,79371.4765625,79441.90625,79184.3984375,79397.84375,215451648,0.0,0.0,80280.95930989583,0
2026-05-13 23:00:00+00:00,79396.640625,79452.8828125,79199.7265625,79288.7890625,169594880,0.0,0.0,80231.15559895833,0
2026-05-14 00:00:00+00:00,79296.1484375,79656.4609375,79287.0703125,79552.8984375,315944960,0.0,0.0,80183.44303385417,0
2026-05-14 01:00:00+00:00,79522.640625,79661.546875,79383.7265625,79572.2890625,0,0.0,0.0,80124.54329427083,0
2026-05-14 02:00:00+00:00,79572.2890625,79649.46875,79195.7265625,79340.0,363972608,0.0,0.0,80053.68489583333,0
2026-05-14 03:00:00+00:00,79306.5,79429.0078125,78908.0,79012.2578125,676755456,0.0,0.0,79960.84407552083,0
2026-05-14 04:00:00+00:00,79014.78125,79440.0,78950.453125,79428.703125,522534912,0.0,0.0,79886.3154296875,0
2026-05-14 05:00:00+00:00,79407.359375,79958.328125,79350.0,79779.34375,756412416,0.0,0.0,79835.51009114583,0
2026-05-14 06:00:00+00:00,79777.328125,79908.28125,79726.6875,79772.953125,16437248,0.0,0.0,79786.13053385417,0
2026-05-14 07:00:00+00:00,79768.40625,79903.46875,79671.0,79706.453125,169299968,0.0,0.0,79732.39908854167,0
2026-05-14 08:00:00+00:00,79703.921875,79906.4765625,79595.5390625,79784.5703125,737525760,0.0,0.0,79674.87727864583,1
2026-05-14 09:00:00+00:00,79831.6171875,79875.859375,79537.6875,79591.078125,0,0.0,0.0,79605.48046875,0
2026-05-14 10:00:00+00:00,79613.1875,79721.828125,79375.0,79534.4765625,0,0.0,0.0,79553.79752604167,0
2026-05-14 11:00:00+00:00,79533.546875,79576.6484375,79192.140625,79213.1484375,0,0.0,0.0,79501.38053385417,0
2026-05-14 12:00:00+00:00,79200.0078125,79757.9609375,79194.6328125,79743.921875,0,0.0,0.0,79483.52278645833,1
2026-05-14 13:00:00+00:00,79740.0,80035.0,79665.6015625,79675.6875,0,0.0,0.0,79486.12434895833,1
2026-05-14 14:00:00+00:00,79632.75,80982.546875,79534.078125,80954.09375,1760419840,0.0,0.0,79537.35026041667,1
2026-05-14 15:00:00+00:00,80978.34375,81335.578125,80798.0,81304.0390625,1352515584,0.0,0.0,79642.72688802083,1
2026-05-14 16:00:00+00:00,81330.0078125,81886.546875,81093.9765625,81879.8125,1477877760,0.0,0.0,79759.87109375,1
2026-05-14 17:00:00+00:00,81860.0,82051.71875,81313.0390625,81683.8828125,2806448128,0.0,0.0,79851.44954427083,1
2026-05-14 18:00:00+00:00,81682.7890625,81991.7734375,81448.0390625,81590.3515625,620748800,0.0,0.0,79935.46419270833,1
2026-05-14 19:00:00+00:00,81599.0703125,81728.0,81327.1875,81433.96875,647278592,0.0,0.0,80011.68001302083,1
2026-05-14 20:00:00+00:00,81470.453125,81625.0703125,81151.3125,81400.0,453382144,0.0,0.0,80083.486328125,1
2026-05-14 21:00:00+00:00,81455.7578125,81524.3515625,81259.6796875,81375.9765625,0,0.0,0.0,80167.35579427083,1
2026-05-14 22:00:00+00:00,81378.3515625,81544.9921875,81322.9375,81444.0234375,19988480,0.0,0.0,80252.61328125,1
2026-05-14 23:00:00+00:00,81385.9765625,81406.5390625,81031.078125,81079.390625,0,0.0,0.0,80327.2216796875,1
2026-05-15 00:00:00+00:00,81081.9609375,81648.703125,81070.03125,81505.2734375,0,0.0,0.0,80408.57063802083,1
2026-05-15 01:00:00+00:00,81512.5078125,81608.296875,81097.9921875,81113.96875,298790912,0.0,0.0,80472.80729166667,1
2026-05-15 02:00:00+00:00,81109.2890625,81336.1328125,80728.1875,81278.859375,493924352,0.0,0.0,80553.59309895833,1
2026-05-15 03:00:00+00:00,81285.9765625,81334.46875,80924.28125,81053.6875,0,0.0,0.0,80638.65266927083,1
2026-05-15 04:00:00+00:00,81045.3203125,81082.546875,80693.9765625,80703.4765625,0,0.0,0.0,80691.76822916667,1
2026-05-15 05:00:00+00:00,80713.71875,80871.859375,80308.0,80346.3671875,346877952,0.0,0.0,80715.39420572917,0
2026-05-15 06:00:00+00:00,80352.1171875,80625.96875,80302.03125,80571.21875,684740608,0.0,0.0,80748.6552734375,0
2026-05-15 07:00:00+00:00,80575.203125,80991.3515625,80547.7578125,80815.9921875,868216832,0.0,0.0,80794.88606770833,1
2026-05-15 08:00:00+00:00,80819.9921875,80819.9921875,80415.9296875,80640.859375,0,0.0,0.0,80830.56477864583,0
2026-05-15 09:00:00+00:00,80643.34375,80676.828125,80363.0,80484.2734375,100147200,0.0,0.0,80867.78125,0
2026-05-15 10:00:00+00:00,80418.71875,80768.3671875,80404.3828125,80707.6015625,9396224,0.0,0.0,80916.66145833333,0
2026-05-15 11:00:00+00:00,80716.8671875,80753.3203125,80584.03125,80616.046875,0,0.0,0.0,80975.11555989583,0
2026-05-15 12:00:00+00:00,80600.359375,80635.0,80337.4609375,80380.1328125,0,0.0,0.0,81001.62434895833,0
2026-05-15 13:00:00+00:00,80354.859375,80354.859375,78647.203125,78701.9296875,1882701824,0.0,0.0,80961.05110677083,0
2026-05-15 14:00:00+00:00,78736.0390625,79288.609375,78601.1875,79111.9296875,1521045504,0.0,0.0,80884.29427083333,0
2026-05-15 15:00:00+00:00,79145.3671875,79337.5703125,78980.9921875,79113.296875,0,0.0,0.0,80793.01334635417,0
2026-05-15 16:00:00+00:00,79141.359375,79346.90625,79089.1875,79268.34375,0,0.0,0.0,80684.2021484375,0
2026-05-15 17:00:00+00:00,79243.59375,79464.84375,79188.4765625,79425.2734375,65007616,0.0,0.0,80590.09342447917,0
2026-05-15 18:00:00+00:00,79425.1328125,79533.0078125,79118.1015625,79250.0078125,190222336,0.0,0.0,80492.5791015625,0
